"노원구","상계중앙시장","전자상거래업","16","15"
"용산구","이태원(이태원역)","전자상거래업","11","11"
"중구","충무초등학교","전자상거래업","8","7"
"동대문구","홍릉근린공원","전자상거래업","20","6"
"송파구","장지동주민센터(한림연예예술고교)","전자상거래업","10","6"
"광진구","중곡4동주민센터","전자상거래업","3","3"
"마포구","마포구청역 4번","전자상거래업","5","9"
"서초구","방배배수지체육공원","재생용품 판매점","0","0"
"강서구","목동사거리","전자상거래업","15","11"
"강북구","삼각산119안전센터","조명용품","8","6"
"관악구","봉천역 6번","전자상거래업","28","13"
"동작구","상도전통시장","전자상거래업","12","14"
"동대문구","경희대학교(경희대)","전자상거래업","16","16"
"관악구","신림현대종합상가","전자상거래업","6","13"
"동작구","숭실대입구역 1번","전자상거래업","9","10"
"성북구","새석관시장","인테리어","11","29"
"중구","동대문역사문화공원역 5번","전자상거래업","10","8"
"중랑구","혜원여고","전자상거래업","16","11"
"강남구","강남구청(청담역_8번 강남세무서)","전자상거래업","11","6"
"송파구","경찰병원역 3번","전자상거래업","6","11"
"도봉구","국민은행방학지점","인테리어","15","5"
"강서구","화원중학교","전자상거래업","11","12"
"종로구","신설종합시장","인테리어","0","0"
"중랑구","동원전통종합시장(동원시장 동원전통시장 상점가)","전자상거래업","9","8"
"성북구","정릉아리랑시장","인테리어","11","9"
"서대문구","영천시장","전자상거래업","7","8"
"광진구","구삼강변맛길","전자상거래업","14","10"
"성북구","성신여대입구역 7번","전자상거래업","11","11"
"관악구","관악소방서(문영여고)","전자상거래업","16","4"
"성동구","금호역","전자상거래업","11","13"
"관악구","호림박물관(성보고등학교)","전자상거래업","18","9"
"중구","신당역 3번","전자상거래업","6","10"
"은평구","수색역 1번","인테리어","0","0"
"광진구","성동초등학교","전자상거래업","7","10"
"금천구","독산동정훈단지","전자상거래업","11","10"
"금천구","금천철쭉어린이공원(금하마을)","전자상거래업","9","6"
"강동구","굽은다리역 1번(십자성마을)","전자상거래업","14","15"
"마포구","홍대부속여중고앞","전자상거래업","14","12"
"마포구","망원나들목체육관","전자상거래업","4","2"
"동대문구","동대문경찰서","전자상거래업","12","12"
"마포구","홍대땡땡거리","전자상거래업","14","12"
"강남구","강남구보훈회관","예술품","14","11"
"성북구","삼선동주민센터","전자상거래업","10","10"
"마포구","마포구청역 7번","전자상거래업","11","8"
"은평구","응암시장(신응암시장)","철물점","7","9"
"강북구","인수초등학교","전자상거래업","0","0"
"동대문구","장안동사거리","전자상거래업","10","10"
"강동구","둔촌역","전자상거래업","9","9"
"영등포구","선유도역 골목형상점가","전자상거래업","12","11"
"노원구","상계역","전자상거래업","15","13"
"양천구","서서울호수공원","전자상거래업","8","9"
"영등포구","영등포로타리지하도상점가","화초","6","3"
"동대문구","외대앞역 1번","전자상거래업","8","12"
"금천구","백산초등학교","전자상거래업","11","10"
"중구","명동 남대문 북창동 다동 무교동 관광특구","전자상거래업","4","8"
"도봉구","쌍문역둘리상점가","전자상거래업","9","7"
"양천구","갈산공원","전자상거래업","5","2"
"영등포구","서울시립영등포장애인복지관","조명용품","33","0"
"중구","퇴계로5가","전자상거래업","3","9"
"종로구","자하문터널","주유소","5","5"
"양천구","신월7동 골목시장(약수시장 우성상가)","인테리어","6","12"
"동대문구","군자초등학교","전자상거래업","12","10"
"금천구","은행나무시장","인테리어","8","10"
"영등포구","남서울상가","전자상거래업","0","6"
"강남구","은마종합상점가","조명용품","2","6"
"강남구","논현초등학교","전자상거래업","11","13"
"용산구","한강로동땡땡거리(은행나무길)","전자상거래업","11","7"
"동대문구","이경시장","전자상거래업","10","6"
"동대문구","회기역 1번","전자상거래업","7","3"
"강서구","발산역(마곡)","전자상거래업","23","13"
"영등포구","신길역 1번","전자상거래업","0","5"
"동대문구","외대앞역 2번","전자상거래업","6","14"
"성동구","청계천박물관","전자상거래업","8","6"
"성북구","성신여대입구역 4번","전자상거래업","9","11"
"은평구","우리은행응암동지점","주유소","12","12"
"금천구","구로전화국","전자상거래업","6","8"
"성동구","왕십리도선동상점가","전자상거래업","12","7"
"성동구","서울교통공사","전자상거래업","3","4"
"동작구","이수역 10번","전자상거래업","7","11"
"동작구","흑석2치안센터","전자상거래업","7","7"
"양천구","신한은행 신월동지점","전자상거래업","11","10"
"서초구","엔터식스 강남점","전자상거래업","6","4"
"강서구","화곡보람2차아파트","애완동물","19","12"
"용산구","이태원엔틱가구거리","전자상거래업","7","8"
"영등포구","영진시장A동","인테리어","0","16"
"동작구","숭실대입구역 4번","전자상거래업","10","12"
"은평구","내를건너서숲으로도서관","전자상거래업","12","10"
"구로구","개봉프라자(고척근린시장)","전자상거래업","0","0"
"송파구","오금역","전자상거래업","11","10"
"마포구","양화대교북단","전자상거래업","17","6"
"중구","서울역","전자상거래업","6","9"
"광진구","한아름시장","운동/경기용품","0","6"
"구로구","구로4동주민센터","전자상거래업","10","13"
"도봉구","방학동도깨비시장","전자상거래업","11","11"
"마포구","망원역 1번","전자상거래업","10","11"
"강동구","천일초등학교","전자상거래업","20","10"
"중랑구","면동초등학교","전자상거래업","9","9"
"동대문구","청량리농수산물시장","인테리어","8","8"
"양천구","등촌역 4번","전자상거래업","13","8"
"강북구","강북북부골목시장","전자상거래업","7","3"
"구로구","구로구민회관","전자상거래업","12","7"
"성동구","신금호역 골목형상점가","조명용품","12","8"
"동대문구","전농로터리시장","인테리어","10","8"
"마포구","마포경찰서","운동/경기용품","12","12"
"금천구","가산디지털단지역 1번 출입구","조명용품","12","7"
"금천구","독산119안전센터","전자상거래업","14","16"
"동대문구","회기역 2번","전자상거래업","9","27"
"강남구","한티역","전자상거래업","13","8"
"서초구","염곡동 구룡사(포이동성당)","전자상거래업","8","7"
"용산구","삼각지역","전자상거래업","16","5"
"서초구","신중초등학교","전자상거래업","4","6"
"송파구","마천중앙시장","인테리어","8","4"
"강서구","신월중앙시장","전자상거래업","15","6"
"광진구","중곡1동 마을마당","전자상거래업","7","8"
"강동구","강동성심병원","화초","10","7"
"구로구","한국SGI본부","전자상거래업","7","8"
"광진구","화양사거리","전자상거래업","15","9"
"마포구","홍대 걷고싶은 거리","전자상거래업","12","13"
"광진구","장로회신학대학교","전자상거래업","8","8"
"성북구","성신여대입구역 1번","전자상거래업","16","13"
"동작구","노량진초등학교","전자상거래업","7","7"
"광진구","자양4동주민센터","전자상거래업","8","7"
"구로구","구로역","전자상거래업","2","4"
"은평구","연서시장","조명용품","6","10"
"강서구","곰달래도서관","전자상거래업","9","7"
"광진구","아차산역 1번","전자상거래업","11","11"
"영등포구","당산2동(영등포우체국)","전자상거래업","12","8"
"동작구","대방역 3번","전자상거래업","26","7"
"노원구","공릉동 도깨비시장","전자상거래업","14","11"
"광진구","푸른동산공원","전자상거래업","16","10"
"서대문구","영천시장입구","화초","2","8"
"강북구","가오리역 2번","전자상거래업","11","6"
"영등포구","영등포역 2번","전자상거래업","12","12"
"성북구","KT월곡지사","전자상거래업","14","5"
"서초구","방배동가구거리(사당동가구거리)","전자상거래업","11","12"
"강북구","수송초등학교","전자상거래업","15","10"
"중랑구","사가정역 1번","전자상거래업","13","10"
"광진구","능동우편취급국","전자상거래업","9","10"
"동대문구","신설동역 9번","전자상거래업","5","7"
"중구","백학시장","전자상거래업","9","11"
"광진구","신자초등학교","전자상거래업","11","9"
"강북구","가오리역 1번","전자상거래업","11","10"
"영등포구","대림중앙시장","자동차부품","14","11"
"양천구","신곡종합시장(신월6동 골목시장)","조명용품","10","7"
"마포구","대흥역 3번","전자상거래업","21","12"
"영등포구","신길역 3번","전자상거래업","19","12"
"마포구","신촌역 6번","악기","16","12"
"용산구","신용산역(용산역)","전자상거래업","12","9"
"종로구","경신고등학교","전자상거래업","11","8"
"강북구","송중초등학교","전자상거래업","10","10"
"노원구","마들역","전자상거래업","9","8"
"노원구","상계5동주민센터","전자상거래업","13","14"
"관악구","난향초등학교","예술품","11","22"
"관악구","신림역(신림)","전자상거래업","14","12"
"마포구","새터산","전자상거래업","13","10"
"도봉구","창동중학교","전자상거래업","23","5"
"종로구","원남동사거리","전자상거래업","7","6"
"영등포구","영등포청과시장(조광시장)","전자상거래업","6","8"
"도봉구","쌍문역동측상점가","전자상거래업","8","11"
"서대문구","홍제성원아파트","예술품","15","5"
"마포구","대흥역 2번","전자상거래업","6","8"
"중랑구","면목역 2번","전자상거래업","12","10"
"금천구","한울중학교","전자상거래업","9","8"
"성동구","성동용답상가시장","전자상거래업","9","12"
"동작구","예술인마을","전자상거래업","12","20"
"성동구","금남시장","전자상거래업","5","11"
"중랑구","사가정역 4번","전자상거래업","9","13"
"마포구","공덕래미안3차아파트","인테리어","8","8"
"동대문구","시조사삼거리","자동차부품","9","9"
"중랑구","중랑역 1번","전자상거래업","10","9"
"광진구","아차산역 5번","전자상거래업","13","15"
"마포구","합정역 8번","전자상거래업","11","9"
"중랑구","면목역 1번","전자상거래업","7","10"
"강북구","수유북부시장옆","전자상거래업","13","11"
"강남구","포이초등학교(개포목련어린이공원)","전자상거래업","9","5"
"중구","황학코아루아파트","전자상거래업","3","7"
"동대문구","청량리역(청량리)","전자상거래업","8","9"
"중랑구","동성타워프라자","조명용품","21","8"
"중구","명동역지하도상가","화장품","17","5"
"관악구","신림종합시장","인테리어","0","6"
"마포구","마포구청역 1번","전자상거래업","11","8"
"강북구","수유초등학교","전자상거래업","13","9"
"강남구","영동전통시장","전자상거래업","11","12"
"은평구","응암1동주민센터","전자상거래업","8","8"
"강남구","학동역","전자상거래업","8","8"
"동작구","상도초등학교","전자상거래업","15","11"
"동작구","사당종합체육관","전자상거래업","9","6"
"노원구","시영2단지 무지개종합상가(중계 무지개2단지아파트상가)","철물점","31","21"
"금천구","금천구립가산도서관","전자상거래업","8","15"
"마포구","상수역 3번","전자상거래업","10","10"
"영등포구","당산역","전자상거래업","11","10"
"영등포구","구로세무서","전자상거래업","6","4"
"동대문구","동서시장","청과상","4","0"
"종로구","서촌(경복궁역)","전자상거래업","9","10"
"서대문구","북가좌초등학교","전자상거래업","22","8"
"강남구","매봉역 1번","철물점","15","13"
"중랑구","면목역 3번","전자상거래업","4","4"
"동대문구","청량리종합시장","인테리어","7","3"
"구로구","고척초등학교","전자상거래업","7","8"
"도봉구","도봉역 3번","전자상거래업","7","6"
"중구","명동지하쇼핑센터(소공동지하쇼핑센터)","일반의류","0","0"
"노원구","영신여고","전자상거래업","14","11"
"성동구","성수2가3동주민센터","전자상거래업","10","11"
"마포구","상수역 4번","전자상거래업","15","11"
"도봉구","방학1동주민센터","전자상거래업","9","12"
"종로구","체부동홍종문가옥","예술품","23","5"
"성북구","월곡역 4번","조명용품","9","9"
"성북구","경동고등학교","전자상거래업","10","10"
"송파구","장지역(가든파이브)","전자상거래업","5","8"
"마포구","서교시장","예술품","8","11"
"동대문구","장안교","전자상거래업","0","5"
"은평구","백련산해모로아파트","전자상거래업","15","11"
"영등포구","영등포구청역","전자상거래업","11","9"
"금천구","시흥3동 우편취급국","전자상거래업","5","4"
"중랑구","중랑역 4번","전자상거래업","3","10"
"영등포구","당산역 8번","전자상거래업","15","7"
"마포구","합정시장","반찬가게","0","0"
"관악구","봉천중앙시장","인테리어","7","11"
"강북구","강북문화정보도서관","전자상거래업","9","4"
"구로구","오류2동버들시장","전자상거래업","11","9"
"성북구","안암역 3번","전자상거래업","13","14"
"은평구","불광역","전자상거래업","10","12"
"서초구","서초소방서","자동차부품","2","6"
"동대문구","종암초등학교","전자상거래업","6","6"
"강동구","굽은다리역","전자상거래업","10","11"
"성북구","성북초등학교앞","전자상거래업","5","5"
"영등포구","신길2동우편취급국","전자상거래업","5","5"
"동작구","신대방역 3번","전자상거래업","10","6"
"서대문구","아현역 2번","전자상거래업","1","7"
"성북구","삼선중학교","전자상거래업","9","8"
"동대문구","떡전교사거리","전자상거래업","13","10"
"중랑구","중랑역 2번","전자상거래업","9","13"
"도봉구","오!도봉거리 상점가","전자상거래업","10","14"
"구로구","서울공연예술고등학교","전자상거래업","17","12"
"서초구","양재천카페거리","전자상거래업","11","6"
"동작구","신대방역 4번","전자상거래업","10","8"
"강서구","염창역 2번","전자상거래업","8","14"
"서대문구","서연중학교","전자상거래업","15","10"
"용산구","서울역 12번","전자상거래업","6","6"
"금천구","서울축산농협 독산역지점(독산파출소)","전자상거래업","9","5"
"마포구","마포역","전자상거래업","10","10"
"영등포구","대신시장","인테리어","3","7"
"동대문구","답십리초등학교","전자상거래업","10","11"
"강남구","강남시장(강남구 강남시장)","가구","8","6"
"동대문구","동부시장","예술품","7","3"
"관악구","난곡초등학교(난곡동벽화마을)","자동차부품","15","10"
"성동구","마장축산물시장","전자상거래업","2","4"
"서초구","양재화물트럭터미널앞","전자상거래업","10","7"
"중랑구","면목5동주민센터","전자상거래업","12","13"
"강동구","성내중학교","전자상거래업","6","11"
"은평구","하나고등학교","가구","18","15"
"중구","관성묘","전자상거래업","3","0"
"강동구","천호역","전자상거래업","6","8"
"구로구","개봉중학교","전자상거래업","12","16"
"관악구","신신림시장(삼성동시장)","의약품","10","0"
"금천구","독산역 1번 출입구","전자상거래업","40","8"
"관악구","봉천현대시장","의약품","0","10"
"성북구","안암역 2번","화초","16","13"
"성북구","종암경찰서","전자상거래업","12","11"
"동대문구","신설동역","전자상거래업","7","8"
"용산구","후암동주민센터","전자상거래업","8","7"
"동작구","노량진역 6번","전자상거래업","8","11"
"동대문구","용두희망어린이공원","전자상거래업","3","6"
"금천구","가산초등학교(세일중학교)","전자상거래업","9","8"
"강남구","압구정로데오역(압구정로데오)","전자상거래업","12","9"
"영등포구","신대림초등학교","인테리어","14","17"
"강북구","수유중앙골목시장(수유중앙시장)","전자상거래업","7","6"
"서대문구","이대 앞 스타트업 상점가","전자상거래업","7","14"
"강남구","대치2동주민센터","자동차부품","8","9"
"강남구","국악고교사거리","전자상거래업","7","8"
"송파구","석촌고분역 1번","전자상거래업","14","10"
"종로구","사직공원(한국사회과학도서관)","전자상거래업","34","12"
"금천구","박미시장(기능상실)","조명용품","0","0"
"중구","team204(팀204)","화장품","1","8"
"금천구","시흥초등학교(시흥1동우체국)","전자상거래업","10","12"
"구로구","수궁동주민센터","전자상거래업","14","16"
"강동구","천호지구대(천호동자전거거리)","전자상거래업","13","10"
"도봉구","방학초등학교","주유소","12","9"
"광진구","구의사거리","전자상거래업","9","10"
"강남구","국립국악고등학교","전자상거래업","5","4"
"동작구","장승배기역","전자상거래업","5","11"
"동작구","본동인정시장(기능상실)","인테리어","0","18"
"동대문구","한국의류시험연구원","전자상거래업","3","6"
"양천구","목4동주민센터","전자상거래업","10","10"
"성동구","서울숲역 1번","인테리어","30","11"
"노원구","월계역 3번","전자상거래업","29","23"
"양천구","신월1동주민센터","전자상거래업","8","8"
"중구","을지로4가역","전자상거래업","6","4"
"강남구","코엑스","전자상거래업","2","9"
"서대문구","아현역 1번","가전제품","8","5"
"중랑구","배꽃어린이공원","전자상거래업","26","8"
"관악구","서원동주민센터(신관중학교)","전자상거래업","13","3"
"서대문구","이화여대(이대역 이대)","전자상거래업","10","8"
"영등포구","대림역 11번","화장품","17","20"
"송파구","석촌고분역 3번","전자상거래업","12","12"
"강북구","우이골목시장(우이시장)","인테리어","18","13"
"용산구","이태원 관광특구","전자상거래업","10","10"
"양천구","신월1동우편취급국","전자상거래업","11","11"
"중구","중부시장(신중부시장)","전자상거래업","3","4"
"강남구","봉은사역 4번","전자상거래업","4","8"
"중구","신당 미래유산 먹거리 골목형상점가","전자상거래업","4","10"
"영등포구","양평역","전자상거래업","6","6"
"용산구","서울역 15번","전자상거래업","10","6"
"강북구","도봉세무서","전자상거래업","11","7"
"마포구","가좌역 2번","전자상거래업","10","8"
"금천구","시흥동 은행나무사거리","전자상거래업","7","8"
"송파구","석촌고분역 4번","전자상거래업","12","9"
"성북구","돈암시장(돈암제일시장)","전자상거래업","14","12"
"성동구","왕십리역(왕십리)","전자상거래업","6","10"
"노원구","계상초등학교","전자상거래업","11","9"
"마포구","공덕시장","가전제품","7","4"
"마포구","대흥동주민센터","전자상거래업","5","8"
"강남구","개포고등학교","전자상거래업","9","7"
"구로구","오류동역 3번","전자상거래업","9","6"
"용산구","한강진역 3번","전자상거래업","13","10"
"영등포구","영신초등학교","전자상거래업","9","11"
"강서구","KC대학교","전자상거래업","14","8"
"강동구","암사역","전자상거래업","12","10"
"중랑구","월드순복음교회","전자상거래업","10","10"
"금천구","KT금천빌딩(금천구시설관리공단)","전자상거래업","15","8"
"용산구","한강미주맨션아파트","화초","8","5"
"강북구","삼양입구사거리","자동차부품","10","12"
"은평구","은평구청","전자상거래업","13","9"
"강북구","송중동주민센터","전자상거래업","14","11"
"관악구","미성초등학교","전자상거래업","10","8"
"관악구","구립대학경로당(관악산샘말공원)","전자상거래업","15","15"
"마포구","광흥창역 1번","모터사이클및부품","26","20"
"양천구","신정네거리역","전자상거래업","10","8"
"서초구","교육개발원입구사거리","전자상거래업","7","7"
"도봉구","샘말어린이공원","전자상거래업","11","8"
"성북구","종암중학교","전자상거래업","8","2"
"강서구","등촌1동주민센터","전자상거래업","12","10"
"구로구","오류동역 1번","전자상거래업","6","2"
"영등포구","영동초등학교","전자상거래업","13","8"
"강북구","수유프라자","조명용품","3","9"
"구로구","구로구청","전자상거래업","4","5"
"강동구","고덕 골목형상점가","조명용품","38","15"
"용산구","용산구청","전자상거래업","15","12"
"성북구","미아사거리","전자상거래업","11","10"
"강남구","싸리고개근린공원","섬유제품","20","0"
"도봉구","도봉우체국","전자상거래업","14","7"
"동작구","성대전통시장(성대시장)","인테리어","12","11"
"구로구","구로보건소","전자상거래업","9","8"
"중랑구","오거리공원","전자상거래업","16","11"
"노원구","상계초등학교","전자상거래업","20","17"
"강동구","GS강동자이아파트","전자상거래업","10","10"
"도봉구","덕성여대시반거리","전자상거래업","19","14"
"강동구","천호초등학교","전자상거래업","10","10"
"강동구","길동복조리시장","전자상거래업","14","11"
"중구","다산성곽길","전자상거래업","10","8"
"강북구","삼양사거리역 1번","전자상거래업","7","13"
"강동구","로데오거리상점가","전자상거래업","9","12"
"성북구","상월곡역 1번","전자상거래업","11","8"
"서초구","서초우방유쉘아파트","전자상거래업","16","0"
"중랑구","사가정시장","전자상거래업","13","12"
"강남구","삼성중앙역","전자상거래업","8","8"
"중구","회현역 1번","섬유제품","20","16"
"영등포구","문래동남성맨션","전자상거래업","10","0"
"성동구","성수역 골목형상점가","전자상거래업","23","8"
"양천구","신월4동주민센터","전자상거래업","7","11"
"강북구","송천동주민센터","전자상거래업","13","2"
"성북구","정릉역 2번","전자상거래업","3","1"
"서초구","반포4동주민센터(몽마르뜨공원)","전자상거래업","9","8"
"마포구","망원시장","전자상거래업","13","8"
"강북구","삼양사거리역 2번","주유소","11","10"
"중랑구","신아타운","전자상거래업","2","4"
"중구","신평화패션타운(청계6가 지하도상가)","섬유제품","0","7"
"동작구","노량진중앙시장","가전제품","9","11"
"강동구","둔촌동역 3번(성내3동주민센터)","전자상거래업","6","12"
"서대문구","증산3교남측","전자상거래업","0","7"
"성북구","상월곡역 2번","전자상거래업","14","13"
"용산구","용산전자상가(용산역)","전자상거래업","2","5"
"마포구","서울서부지방법원","전자상거래업","10","12"
"중구","신당역","전자상거래업","3","9"
"서초구","삼호가든사거리","전자상거래업","11","11"
"강서구","공항고등학교","전자상거래업","14","14"
"노원구","장석교회","전자상거래업","12","12"
"구로구","개봉3동주민센터","자동차부품","11","11"
"성북구","정릉역 1번","전자상거래업","13","11"
"중구","테크노상가(엘리시움)","전자상거래업","0","9"
"송파구","석촌중학교(방이육교)","전자상거래업","5","5"
"중랑구","화랑대역 7번","전자상거래업","22","20"
"강동구","명일역","전자상거래업","13","10"
"양천구","신정롯데캐슬아파트","전자상거래업","14","10"
"마포구","동진시장","전자상거래업","10","8"
"성북구","상월곡역 3번","전자상거래업","10","7"
"양천구","신목동역","전자상거래업","3","11"
"성북구","꿈의숲 장곡 골목형상점가","전자상거래업","17","7"
"서초구","방배노인종합복지관(이수중학교)","전자상거래업","11","8"
"송파구","석촌고분역","전자상거래업","10","8"
"구로구","온수역 5번(온수산업단지)","전자상거래업","9","9"
"성동구","금북초등학교","인테리어","13","16"
"동작구","총신대학교","전자상거래업","8","5"
"강남구","신사상가","가구","1","1"
"마포구","성미산체육관","전자상거래업","7","4"
"강남구","신사은행나무공원","전자상거래업","15","12"
"강남구","강남언주로","전자상거래업","9","8"
"송파구","보인중학교","전자상거래업","8","10"
"동대문구","회기역","전자상거래업","6","5"
"마포구","동교초등학교","전자상거래업","11","7"
"중구","중구청(퇴계로4가)","전자상거래업","3","5"
"구로구","오류동역 4번","전자상거래업","15","15"
"서대문구","신촌 상인회(신촌상점가)","화장품","32","16"
"서초구","서울나래학교(염곡어린이공원)","인테리어","0","0"
"강동구","둔촌동역 4번","전자상거래업","10","7"
"강남구","언주역(차병원)","전자상거래업","11","10"
"강남구","논현역","전자상거래업","10","11"
"강남구","논현로18길","전자상거래업","0","7"
"동작구","상도역 5번","전자상거래업","9","9"
"강서구","발산역 5번","전자상거래업","11","13"
"종로구","경복고등학교","예술품","11","13"
"성동구","서울숲카페거리","전자상거래업","29","11"
"강동구","한영중고","전자상거래업","18","13"
"광진구","신성시장(신성골목시장)","전자상거래업","8","11"
"강동구","강일동주민센터","전자상거래업","16","16"
"송파구","송파사거리(송파역)","전자상거래업","11","14"
"성동구","옥수역 6번","전자상거래업","7","13"
"동작구","신대방삼거리역","전자상거래업","6","6"
"종로구","정독도서관","예술품","11","4"
"광진구","광진구청","전자상거래업","9","5"
"성동구","사근동살곶이상점가","전자상거래업","7","7"
"송파구","송파나루역 1번(송리단길)","전자상거래업","16","13"
"마포구","염리초등학교","가전제품","13","26"
"동작구","신대방1동골목상권","인테리어","10","10"
"송파구","거여역 8번","자동차부품","5","11"
"금천구","금천파출소","전자상거래업","26","20"
"서초구","구반포역","전자상거래업","2","13"
"중랑구","중랑노인종합복지관","전자상거래업","12","10"
"강남구","대치동아우편취급국","전자상거래업","10","6"
"성북구","번동시장","문구","0","0"
"용산구","우사단길","전자상거래업","10","8"
"강남구","언주역 8번","전자상거래업","2","6"
"서대문구","홍제역","전자상거래업","9","10"
"금천구","푸른터시장(기능상실)","전자상거래업","0","0"
"광진구","조양시장","인테리어","11","11"
"용산구","해방촌예술마을","전자상거래업","7","9"
"성동구","금동어린이공원","전자상거래업","14","13"
"동대문구","경희대삼거리","전자상거래업","11","11"
"구로구","오류동역","전자상거래업","10","12"
"광진구","구의역","전자상거래업","10","10"
"은평구","대림골목시장(대림시장 양지시장)","전자상거래업","15","13"
"동대문구","전곡시장","전자상거래업","5","10"
"동대문구","동대문중앙새마을금고본점","조명용품","7","5"
"관악구","인헌시장(원당종합시장)","전자상거래업","13","13"
"중구","장충단 고개","전자상거래업","11","14"
"마포구","절두산순교성지","전자상거래업","15","0"
"금천구","가산디지털단지","전자상거래업","9","7"
"성동구","상왕십리역 3번","전자상거래업","7","10"
"관악구","영림시장","전자상거래업","13","13"
"은평구","세명컴퓨터고등학교","전자상거래업","10","13"
"서대문구","유진상가","화초","12","0"
"관악구","관악중부시장","인테리어","15","9"
"종로구","서울대병원","재생용품 판매점","8","18"
"중랑구","망우3동주민센터","전자상거래업","15","9"
"마포구","광흥창역 6번","전자상거래업","9","13"
"송파구","삼전역 1번","전자상거래업","12","11"
"영등포구","문래소공원","자동차부품","4","4"
"송파구","문정동 로데오거리 상점가(문정동 로데오거리)","전자상거래업","9","9"
"서대문구","남가좌동현대아파트","조명용품","6","6"
"강서구","우장산역 4번","전자상거래업","13","14"
"강남구","언주역 6번","전자상거래업","14","6"
"중랑구","서일대학교","전자상거래업","12","10"
"중구","중부경찰서(영화인의거리)","전자상거래업","6","7"
"용산구","보광시장","인테리어","0","0"
"용산구","성심여자고등학교","전자상거래업","3","7"
"강남구","삼성중앙역 5번","전자상거래업","18","5"
"강남구","청담삼익시장","전자상거래업","6","4"
"구로구","구로119안전센터","전자상거래업","10","9"
"서대문구","홍은중학교","전자상거래업","9","7"
"은평구","연신초등학교","인테리어","17","18"
"은평구","연신내역","전자상거래업","9","10"
"관악구","청림동주민센터(상도중학교)","인테리어","15","10"
"강동구","둔촌푸르지오아파트","전자상거래업","3","7"
"구로구","개봉1동주민센터","전자상거래업","12","9"
"은평구","역촌노인복지관","전자상거래업","11","10"
"서초구","청계산원터골","운동/경기용품","5","12"
"양천구","목2동시장","조명용품","9","10"
"중구","회현역","전자상거래업","2","6"
"은평구","역촌중앙시장","인테리어","0","0"
"마포구","마포FM","전자상거래업","14","9"
"종로구","광장시장(광장전통시장)","전자상거래업","5","5"
"강북구","인수동 우편취급국","전자상거래업","15","11"
"종로구","충신시장","전자상거래업","6","4"
"종로구","혜화역 1번","전자상거래업","13","10"
"영등포구","신길6동주민센터","모터사이클및부품","11","22"
"서초구","서초동성당","전자상거래업","5","5"
"중구","경향신문사","전자상거래업","12","16"
"중구","남산케이블카","예술품","4","6"
"강남구","언북초등학교","전자상거래업","9","6"
"영등포구","영등포구청역 2번","전자상거래업","13","12"
"강남구","영동대교남단","예술품","16","6"
"동작구","NH농협은행 상도동지점","주유소","12","11"
"관악구","조원동주민센터","전자상거래업","5","3"
"강서구","우장산역 1번","전자상거래업","10","8"
"강남구","삼성중앙역 7번","전자상거래업","14","5"
"중구","을지로지하보도쇼핑센터(을지입구지하상가)","전자상거래업","12","4"
"마포구","신수시장","조명용품","3","6"
"강서구","화곡역","전자상거래업","13","12"
"구로구","가리봉시장","재생용품 판매점","5","7"
"도봉구","신창초등학교","전자상거래업","13","11"
"강남구","강남개포시장","전자상거래업","11","9"
"종로구","창신역 1번","전자상거래업","12","5"
"동대문구","답십리시장","전자상거래업","17","17"
"영등포구","동남상가","인테리어","2","2"
"은평구","은평세무서","전자상거래업","7","8"
"금천구","가산동우체국","전자상거래업","12","12"
"성동구","상왕십리역 6번","전자상거래업","16","9"
"강남구","논현2동주민센터","전자상거래업","20","17"
"강동구","고덕동성당","전자상거래업","17","10"
"광진구","동의초등학교","인테리어","15","12"
"강서구","송화벽화시장(송화골목시장)","가전제품","8","6"
"종로구","세검정초등학교","예술품","7","9"
"은평구","응암3동주민센터","전자상거래업","11","7"
"광진구","대원고등학교","전자상거래업","13","13"
"성북구","장곡초등학교","전자상거래업","17","8"
"동대문구","장한평역(장한평)","전자상거래업","6","7"
"성북구","밤나무골시장","조명용품","4","4"
"강북구","동북프라자","전자상거래업","4","7"
"성동구","행당시장상점가","전자상거래업","12","11"
"종로구","세검정","전자상거래업","5","10"
"성동구","성동구보건소","주유소","9","9"
"서대문구","증산역 1번","전자상거래업","7","6"
"중랑구","중랑동부시장","전자상거래업","11","12"
"용산구","삼각지역 3번","전자상거래업","18","7"
"서대문구","이화여대 357길 상점가","전자상거래업","8","11"
"중구","한양공고앞 교차로","전자상거래업","6","1"
"동대문구","답십리 장령당공원","전자상거래업","5","9"
"중구","약수역 7번","전자상거래업","12","6"
"영등포구","신우어린이공원","자동차부품","6","6"
"송파구","삼전역 3번","전자상거래업","11","11"
"종로구","성균관대학교","전자상거래업","10","12"
"양천구","서울금융고등학교","전자상거래업","9","6"
"강서구","강서구청옆","전자상거래업","20","20"
"은평구","연신내상점가(연빛거리)","전자상거래업","13","14"
"영등포구","신풍역 6번(신길6동공영주차장)","모터사이클및부품","10","15"
"도봉구","방학중학교","전자상거래업","12","6"
"구로구","고척프라자","인테리어","6","9"
"광진구","중곡역 3번","전자상거래업","9","10"
"서초구","남태령역(서울전자고등학교)","전자상거래업","7","15"
"양천구","목동역 8번출구","전자상거래업","11","11"
"종로구","중앙고등학교","전자상거래업","12","7"
"종로구","혜회동주민센터","전자상거래업","7","8"
"강동구","길동신동아아파트","가전제품","11","17"
"강서구","남부골목시장(남부화곡시장 남부시장)","전자상거래업","10","12"
"송파구","삼전역 4번","전자상거래업","10","9"
"광진구","자양종합시장(기능상실)","인테리어","7","0"
"종로구","삼청동","전자상거래업","13","9"
"금천구","금산초등학교(금천고등학교)","전자상거래업","11","6"
"송파구","송파나루역 3번","전자상거래업","7","8"
"중구","명동(명동거리)","전자상거래업","3","9"
"종로구","이화달팽이길","전자상거래업","9","9"
"양천구","신월3동주민센터","전자상거래업","11","12"
"영등포구","영등포시장지하도상점가","시계및귀금속","0","0"
"종로구","배화여자대학교(박노수미술관)","전자상거래업","19","10"
"중구","소공지하도상가","예술품","0","2"
"용산구","효창동주민센터","전자상거래업","3","3"
"영등포구","삼구시장(로타리상가)","화초","11","4"
"은평구","선일여고","전자상거래업","16","13"
"강남구","청담역 3번","주유소","15","1"
"동작구","신대방삼거리역 4번(대림초등학교)","전자상거래업","8","13"
"서초구","남부터미널역 1번","전자상거래업","9","10"
"중랑구","장스여성병원","전자상거래업","16","20"
"서대문구","연희파출소","전자상거래업","11","8"
"동대문구","청량리수산시장","조명용품","5","4"
"송파구","송파나루역 2번","전자상거래업","8","10"
"강남구","국기원","전자상거래업","9","20"
"강남구","영동대교남단교차로","전자상거래업","6","8"
"서대문구","연희사러가","철물점","3","3"
"강남구","은마아파트","전자상거래업","10","12"
"도봉구","창동골목시장","조명용품","10","9"
"서대문구","연희지하차도","전자상거래업","8","13"
"동작구","사당5동주민센터","전자상거래업","5","5"
"서초구","서래초등학교","전자상거래업","21","7"
"강서구","공항시장역 3번","전자상거래업","8","10"
"강남구","수서역","전자상거래업","7","6"
"광진구","어린이대공원역 3번","전자상거래업","11","2"
"금천구","석수역 1번 출입구","재생용품 판매점","6","3"
"강북구","미아역","전자상거래업","12","10"
"용산구","오산중학교","예술품","4","9"
"종로구","세운상가가동","전자상거래업","2","3"
"노원구","광운대역 1번","전자상거래업","8","8"
"서초구","신논현역 1번","전자상거래업","10","9"
"종로구","창신역 4번","전자상거래업","6","5"
"중랑구","KB국민은행 중화동지점","전자상거래업","6","6"
"서대문구","서대문구보건소별관","전자상거래업","14","13"
"은평구","녹번동근린공원","조명용품","11","13"
"은평구","본서부병원","전자상거래업","8","8"
"강서구","공항시장역 1번","전자상거래업","4","7"
"광진구","어린이대공원역 4번","철물점","19","11"
"송파구","개미어린이공원","전자상거래업","13","16"
"서대문구","홍남교남측","전자상거래업","4","9"
"서대문구","충정로현대아파트","전자상거래업","4","6"
"중구","충정로역 6번","전자상거래업","1","3"
"광진구","장안초등학교","전자상거래업","6","6"
"양천구","금빛새마을금고본점","전자상거래업","10","8"
"마포구","이대역 5번","전자상거래업","11","7"
"용산구","만리시장","인테리어","18","10"
"마포구","경성고등학교","전자상거래업","13","11"
"중구","장충초등학교","전자상거래업","5","6"
"동대문구","제기동역 1번","전자상거래업","10","8"
"광진구","어린이대공원역","전자상거래업","18","14"
"송파구","석촌역 6번","전자상거래업","12","9"
"동대문구","제기동역 6번","전자상거래업","9","8"
"강남구","대치역","전자상거래업","7","9"
"도봉구","도봉역 2번","전자상거래업","7","7"
"서초구","포이사거리(삼호물산)","전자상거래업","7","7"
"송파구","가락시장","전자상거래업","1","2"
"영등포구","보라매역 4번","전자상거래업","11","4"
"송파구","방이동고분군(방산고등학교)","조명용품","12","7"
"영등포구","영등포시장역 3번","의약품","2","5"
"강서구","김포공항역(김포공항)","조명용품","1","9"
"종로구","동대문종합시장(동대문종합시장 신관 동대문종합시장D동상가)","전자상거래업","5","5"
"동대문구","청량리청과물시장","가전제품","8","7"
"노원구","시영B상가(중계 그린아파트 B 상가)","예술품","30","23"
"강북구","성신여대운정그린캠퍼스","전자상거래업","10","12"
"종로구","종로4가","전자상거래업","3","7"
"마포구","서교동(홍대)","전자상거래업","9","10"
"노원구","노원역 9번","전자상거래업","11","11"
"서초구","삼성전자서울R&D(서울우면초등학교)","예술품","34","23"
"서대문구","서대문구청","인테리어","8","0"
"송파구","문정초등학교","전자상거래업","11","13"
"구로구","영서중학교","인테리어","12","4"
"영등포구","영등포시장역 4번","전자상거래업","9","7"
"관악구","신성초등학교","전자상거래업","13","11"
"관악구","신림초등학교","전자상거래업","4","6"
"구로구","고척골목시장상점가(그라운드 고척)","인테리어","11","16"
"성북구","정릉시장","전자상거래업","12","11"
"광진구","세종대학교","전자상거래업","5","2"
"양천구","신정1동 골목시장(신정제일시장)","전자상거래업","12","5"
"중구","을지로입구역","전자상거래업","8","9"
"중랑구","중화역 4번","전자상거래업","12","10"
"서대문구","홍은종합사회복지관","전자상거래업","11","9"
"서초구","서울프랑스학교","애완동물","4","9"
"강북구","수유북부골목시장","육류판매","0","0"
"마포구","KB국민은행 망원동지점","전자상거래업","16","16"
"영등포구","보라매역 6번","전자상거래업","14","5"
"금천구","금천해태공원","전자상거래업","8","4"
"마포구","도화동 상점가","전자상거래업","11","9"
"영등포구","영등포시장기계공구상가","예술품","2","4"
"영등포구","영등포시장역 1번","전자상거래업","9","10"
"광진구","능동로골목시장","예술품","7","4"
"도봉구","창동신창시장","전자상거래업","10","10"
"송파구","풍납시장","전자상거래업","10","12"
"성동구","옥수동우편취급국","전자상거래업","13","2"
"강북구","수유시장옆","전자상거래업","11","11"
"광진구","광진정말공원","전자상거래업","10","8"
"동작구","신대방삼거리역 3번","주유소","12","12"
"송파구","석촌역 7번","전자상거래업","11","8"
"영등포구","도신초등학교","전자상거래업","8","12"
"마포구","월드컵경기장역(월드컵경기장)","철물점","4","16"
"강남구","개포지하차도 북측","전자상거래업","0","6"
"용산구","이촌동점보아파트","예술품","11","11"
"성동구","성수1가1동주민센터","전자상거래업","15","10"
"마포구","상암동상점가","전자상거래업","15","13"
"동대문구","삼육보건대학교","전자상거래업","12","12"
"동대문구","전농1동주민센터(전농시장)","전자상거래업","4","4"
"금천구","독산동 맛나는거리상점가(독산동 맛나는거리)","전자상거래업","26","17"
"종로구","대학로(혜화역)","전자상거래업","10","13"
"중랑구","우림골목시장","전자상거래업","10","10"
"성북구","길음시장","인테리어","1","4"
"동대문구","답십리 건축자재시장","전자상거래업","2","8"
"동작구","이수역 9번","전자상거래업","12","10"
"성북구","보문역 4번","전자상거래업","15","11"
"서초구","강남터미널지하도상점가2구역","예술품","2","1"
"중구","장충동주민센터","전자상거래업","9","6"
"종로구","독립문역 1번","조명용품","4","11"
"서대문구","연희임광아파트","전자상거래업","24","6"
"영등포구","대림성모병원","전자상거래업","8","12"
"서대문구","서울여자간호대학교","전자상거래업","13","14"
"구로구","남구로시장","재생용품 판매점","8","6"
"성동구","답십리역 6번","전자상거래업","2","11"
"서초구","내방역","전자상거래업","6","6"
"중랑구","유영시장","문구","0","0"
"동대문구","전농중학교","전자상거래업","14","5"
"강북구","수유1동주민센터","전자상거래업","17","12"
"용산구","효창공원앞역 6번","전자상거래업","11","8"
"용산구","삼광초등학교","전자상거래업","13","6"
"양천구","경창시장","전자상거래업","8","8"
"동대문구","장안현대홈타운1차아파트","전자상거래업","11","13"
"서대문구","연희초등학교","전자상거래업","16","16"
"강동구","천호태영아파트","전자상거래업","13","5"
"종로구","종로6가","전자상거래업","6","9"
"중랑구","태능엔터피아(태릉시장)","전자상거래업","16","8"
"금천구","동일여자고등학교","조명용품","11","10"
"용산구","리움미술관","예술품","16","16"
"종로구","이화사거리","전자상거래업","6","9"
"성북구","홍대부중","전자상거래업","8","11"
"강서구","강서새말어린이공원","전자상거래업","6","6"
"구로구","화원어린이공원","조명용품","3","3"
"성북구","종암아이파크2차후문","자동차부품","17","5"
"송파구","석촌역 3번","전자상거래업","10","11"
"중랑구","중화역 1번","전자상거래업","14","13"
"송파구","방이역 1번","전자상거래업","7","8"
"서대문구","포방터시장","전자상거래업","15","14"
"관악구","신림중앙시장(조원동 펭귄시장)","전자상거래업","5","2"
"용산구","효창공원앞역 5번","전자상거래업","4","7"
"용산구","이태원역 북측","전자상거래업","8","13"
"송파구","오금공원(오주중학교)","전자상거래업","6","8"
"용산구","후암시장","전자상거래업","9","10"
"중구","동대문역사문화공원역","전자상거래업","3","9"
"관악구","녹두거리(대학동)","전자상거래업","11","14"
"송파구","오동나무공원(송파레미니스1단지)","전자상거래업","5","6"
"종로구","종로5가역","전자상거래업","8","10"
"중랑구","용마문화복지센터","전자상거래업","16","9"
"관악구","청룡동주민센터","전자상거래업","19","15"
"성북구","보문역 5번","전자상거래업","8","17"
"강서구","마곡역(마곡)","전자상거래업","52","11"
"송파구","방이역 2번","자동차부품","11","11"
"성동구","대현산장미원","전자상거래업","20","0"
"영등포구","대림한신아파트","전자상거래업","6","9"
"성북구","정릉3동주민센터","예술품","9","7"
"관악구","인헌고등학교(인헌중학교)","전자상거래업","18","16"
"성북구","보문역 8번","전자상거래업","7","11"
"성북구","길상사","전자상거래업","10","6"
"은평구","증산역 3번","전자상거래업","7","7"
"강동구","둔촌고등학교(둔촌중학교)","조명용품","13","8"
"동작구","강남시장(동작구 강남시장)","인테리어","17","17"
"영등포구","대림3동사거리","전자상거래업","7","11"
"동작구","중대부중","전자상거래업","1","1"
"강서구","염창무학아파트","전자상거래업","3","9"
"관악구","남부초등학교","전자상거래업","15","15"
"서초구","교대입구교차로","전자상거래업","6","7"
"관악구","관악종합시장(신원시장)","인테리어","4","18"
"관악구","서울대입구역 8번","전자상거래업","15","11"
"강북구","서울북부고용노동지청","전자상거래업","5","4"
"송파구","방이역 4번","전자상거래업","9","7"
"용산구","효창공원앞역 2번","전자상거래업","6","8"
"서초구","양재역 8번(양재동우체국)","전자상거래업","8","7"
"강남구","르네상스호텔사거리","전자상거래업","9","7"
"마포구","만리재","전자상거래업","7","4"
"구로구","개봉중앙시장","전자상거래업","8","14"
"양천구","신월문화체육센터","전자상거래업","9","9"
"용산구","해방촌 남동측","전자상거래업","15","14"
"양천구","신월1파출소","전자상거래업","7","13"
"강서구","뜸부기어린이공원","전자상거래업","8","5"
"구로구","대림역 2번","주유소","10","10"
"영등포구","선유도역 1번","전자상거래업","9","10"
"강서구","까치산시장","전자상거래업","11","10"
"동대문구","고대앞사거리","전자상거래업","15","12"
"성북구","성북구청","전자상거래업","11","11"
"강서구","푸른들청소년도서관","전자상거래업","17","15"
"광진구","자양동우체국","전자상거래업","13","14"
"서대문구","서대문우체국","전자상거래업","14","10"
"노원구","석계역 1번","전자상거래업","10","17"
"강동구","암사역 3번(천호동자전거거리)","전자상거래업","15","10"
"관악구","KT구로지사","전자상거래업","18","15"
"구로구","오류시장","철물점","13","11"
"종로구","동대문문구완구거리(동대문문구완구시장)","전자상거래업","5","9"
"종로구","동묘앞역(동묘)","전자상거래업","5","9"
"노원구","대진고등학교","전자상거래업","16","17"
"동작구","성남고등학교","전자상거래업","3","9"
"서초구","사당역(사당)","전자상거래업","10","12"
"은평구","연신내우체국","전자상거래업","6","9"
"관악구","신대방역 2번","전자상거래업","11","12"
"강서구","신곡초등학교","전자상거래업","9","11"
"은평구","증산역 4번","전자상거래업","8","8"
"중구","약수역","전자상거래업","9","11"
"중랑구","장미제일시장(중화동제일시장)","전자상거래업","13","6"
"종로구","청운초등학교","전자상거래업","15","5"
"구로구","G타워","전자상거래업","23","9"
"중구","청평화시장","가방","0","7"
"강남구","강남세브란스병원미래의학연구센터","전자상거래업","3","3"
"노원구","석계역 2번","전자상거래업","7","7"
"영등포구","선유도역 6번","전자상거래업","11","8"
"강북구","화계역 2번","전자상거래업","9","12"
"구로구","천왕역 3번(오류2동주민센터 서울오류남초등학교)","인테리어","8","5"
"은평구","은평요양병원","전자상거래업","12","12"
"서초구","방배역 1번","전자상거래업","6","0"
"도봉구","창동역상점가","전자상거래업","13","12"
"종로구","창신1동주민센터","전자상거래업","11","0"
"성북구","길음역 7번","예술품","6","5"
"도봉구","도봉구 정병원","전자상거래업","12","10"
"노원구","경춘선숲길 우측","전자상거래업","15","16"
"성동구","한양대앞상점가(한양시장 왕십리맛골목)","인테리어","11","10"
"광진구","동대부여고","전자상거래업","15","14"
"영등포구","양평역 2번","전자상거래업","12","12"
"관악구","신대방역 1번","인테리어","13","21"
"동대문구","동대문구청","전자상거래업","6","7"
"관악구","봉천역 1번(관악초등학교)","전자상거래업","17","7"
"강남구","선정릉역","전자상거래업","8","8"
"동작구","신대방삼거리역 1번","예술품","15","12"
"중구","대림상가(청계상가)","재생용품 판매점","6","2"
"강북구","번동주공2단지","전자상거래업","6","11"
"강동구","중앙보훈병원","인테리어","22","9"
"성북구","월곡역","전자상거래업","11","9"
"중구","청계5가쇼핑센터(청계5가지하쇼핑센터)","예술품","0","0"
"성북구","길음역 8번","전자상거래업","10","10"
"서대문구","홍제3동주민센터","전자상거래업","11","13"
"강남구","아래방죽마을공원(율현초등학교)","주유소","29","6"
"동작구","흑석시장","인테리어","8","11"
"강북구","국립4.19민주묘지","예술품","5","1"
"은평구","증산종합시장","전자상거래업","22","6"
"성북구","미아초등학교","전자상거래업","20","13"
"동작구","총신대입구역(이수 총신대)","전자상거래업","11","12"
"서초구","방배역 3번","전자상거래업","10","9"
"마포구","망리단길","전자상거래업","16","12"
"동작구","상도역 2번","전자상거래업","14","7"
"성북구","솔숲어린이공원","가구","0","0"
"광진구","중곡1동주민센터","전자상거래업","17","17"
"중랑구","신내1동주민센터","전자상거래업","10","12"
"강남구","선릉역","전자상거래업","9","8"
"성북구","우리은행체육관","전자상거래업","20","15"
"강남구","논현목련공원","전자상거래업","24","8"
"중구","버티고개","전자상거래업","11","16"
"성동구","무학봉상점가","전자상거래업","9","12"
"금천구","독산동성당","재생용품 판매점","10","8"
"강서구","등촌3동주민센터","전자상거래업","15","14"
"관악구","우림시장","인테리어","11","11"
"관악구","보라매동주민센터(당곡고등학교)","전자상거래업","21","17"
"노원구","서울과학기술대","전자상거래업","14","16"
"금천구","금천구청역 1번 출입구","전자상거래업","12","13"
"동작구","상도역 1번","전자상거래업","18","12"
"서초구","더케이호텔(양재리본타워2단지아파트)","전자상거래업","13","9"
"서초구","서문여고","전자상거래업","10","8"
"성동구","성동세무서","전자상거래업","8","6"
"강서구","까치산역 1번","전자상거래업","13","13"
"서초구","신사역","전자상거래업","9","9"
"서초구","논현역 5번","전자상거래업","10","7"
"마포구","성산중학교","전자상거래업","18","10"
"성동구","옥수터널","자동차부품","7","3"
"구로구","금강수목원아파트","재생용품 판매점","16","3"
"강남구","윗방죽마을공원","전자상거래업","24","17"
"관악구","조원동 펭귄시장(신림중앙시장)","전자상거래업","8","4"
"동대문구","고려대역 4번","전자상거래업","9","9"
"강남구","포스코사거리","전자상거래업","8","9"
"서대문구","인왕시장(홍제골목형상점가)","인테리어","10","9"
"강서구","우장산롯데캐슬아파트앞","전자상거래업","11","11"
"강북구","아카데미하우스","전자상거래업","15","9"
"도봉구","도봉산역 1번","주유소","8","10"
"강서구","방화역 1번","전자상거래업","14","14"
"동작구","상도도깨비 골목형상점가","전자상거래업","8","13"
"서대문구","연희동","전자상거래업","15","10"
"서초구","방배역","전자상거래업","11","8"
"영등포구","영일시장","전자상거래업","4","7"
"용산구","서빙고역 1번","전자상거래업","6","2"
"양천구","신정3동 골목시장","인테리어","21","18"
"종로구","동대문상가D동","전자상거래업","6","8"
"송파구","문정역 2번","전자상거래업","10","10"
"용산구","한국폴리텍대학서울정수캠퍼스","전자상거래업","11","11"
"강동구","선사초등학교","전자상거래업","0","0"
"성동구","왕십리역 9번","전자상거래업","16","10"
"강서구","방화역 2번","전자상거래업","20","17"
"중구","청계천공구상가","전자상거래업","7","8"
"관악구","관악우성아파트","전자상거래업","15","6"
"송파구","송파역 2번","전자상거래업","17","9"
"동작구","경문고등학교(동작동성당)","전자상거래업","16","7"
"도봉구","창2동주민센터","전자상거래업","9","10"
"영등포구","신풍역 1번","전자상거래업","9","10"
"영등포구","서울지방병무청","전자상거래업","11","12"
"강서구","화곡초등학교","전자상거래업","8","8"
"광진구","자양골목전통시장(자양골목시장)","인테리어","8","10"
"서초구","강남역","전자상거래업","9","10"
"동대문구","이문제일시장","전자상거래업","10","3"
"동대문구","고려대역 6번","전자상거래업","10","9"
"성동구","옥정중학교","전자상거래업","2","7"
"강북구","우이천 계성교","전자상거래업","15","12"
"영등포구","영등포본동주민센터","인테리어","20","24"
"강서구","방화역 3번","전자상거래업","9","6"
"서초구","우면주공아파트","전자상거래업","13","13"
"송파구","송파나루역","전자상거래업","9","8"
"중랑구","묵1동도깨비시장","전자상거래업","9","8"
"중구","북창동(시청역_6번)","전자상거래업","5","11"
"용산구","배문고등학교","전자상거래업","9","7"
"광진구","아차산역","전자상거래업","12","10"
"중구","황학시장(서울중앙시장 신중앙시장)","전자상거래업","4","6"
"영등포구","신풍역 2번","전자상거래업","5","13"
"성북구","종암아이파크2차","전자상거래업","8","8"
"서초구","방현초등학교(방배119안전센터)","전자상거래업","2","12"
"강남구","학동근린공원","전자상거래업","14","2"
"중구","남대문시장(자유상가)","전자상거래업","5","7"
"용산구","신흥시장","예술품","22","8"
"노원구","상계역전종합상가","전자상거래업","13","6"
"동대문구","용두동신동아아파트","전자상거래업","14","10"
"송파구","Sh수협은행 오금동금융센터(아랫말어린이공원)","주유소","5","2"
"서초구","방배역 2번(백석예술대학교)","화장품","0","15"
"강동구","굽은다리역 2번","전자상거래업","10","3"
"성북구","길음역 10번","전자상거래업","0","0"
"종로구","종로구청","전자상거래업","3","7"
"성동구","응봉산","전자상거래업","14","10"
"서초구","남부종합시장","전자상거래업","0","3"
"송파구","거여역","전자상거래업","10","11"
"성동구","성원어린이공원","전자상거래업","20","10"
"도봉구","문이교","전자상거래업","20","0"
"종로구","동대문상가A동","전자상거래업","0","0"
"강동구","굽은다리역 3번","전자상거래업","15","15"
"성동구","서울숲역","전자상거래업","18","3"
"강동구","고덕역","전자상거래업","13","11"
"광진구","구의역 4번","전자상거래업","12","13"
"영등포구","대림썬프라자","철물점","14","11"
"용산구","한남초등학교","전자상거래업","25","6"
"성동구","송정체육공원","자동차부품","10","9"
"도봉구","쌍문2동우체국","전자상거래업","8","9"
"금천구","난곡중학교","전자상거래업","13","10"
"마포구","홍대입구역(홍대)","전자상거래업","13","14"
"종로구","성곡미술관","전자상거래업","3","4"
"구로구","그라운드 고척","인테리어","22","20"
"동작구","신노량진시장(기능상실)","철물점","0","9"
"영등포구","문래역(문래로데오거리)","예술품","3","15"
"광진구","중곡제일시장(중곡제일골목시장 광성시장)","모터사이클및부품","12","11"
"강동구","굽은다리역 4번","전자상거래업","9","9"
"구로구","고산초등학교","주유소","12","6"
"서초구","서래마을카페거리(서래마을)","전자상거래업","13","9"
"광진구","건대입구역(건대)","전자상거래업","13","15"
"구로구","오류고등학교","자동차부품","10","3"
"서초구","양재시민의숲역(양재동꽃시장 aT센터)","전자상거래업","4","4"
"중구","롯데백화점(시청광장 지하쇼핑센터)","전자상거래업","1","7"
"중랑구","장안중학교","전자상거래업","14","10"
"송파구","문정역 1번","전자상거래업","12","8"
"동대문구","동의보감타워","전자상거래업","12","14"
"강남구","대치사거리","전자상거래업","12","10"
"용산구","용산세무서","전자상거래업","3","6"
"성북구","안암역","가전제품","19","15"
"종로구","서울국제고등학교","전자상거래업","13","10"
"관악구","신림역 8번","전자상거래업","11","8"
"양천구","신월7동주민센터","전자상거래업","12","11"
"종로구","동대문상가C동","애완동물","0","9"
"강북구","북한산우이역 2번","전자상거래업","12","12"
"성동구","성수119안전센터","전자상거래업","12","11"
"영등포구","대동초등학교","인테리어","12","15"
"구로구","디지털단지오거리","자동차부품","14","12"
"동대문구","전농119안전센터","재생용품 판매점","6","15"
"성북구","북정마을","예술품","4","9"
"강남구","언주중학교","전자상거래업","12","7"
"서초구","논현역 4번","전자상거래업","13","8"
"용산구","열정도","전자상거래업","7","8"
"관악구","미림여고","조명용품","3","0"
"관악구","낙성대역 5번(관악중학교)","전자상거래업","17","9"
"성북구","정릉골 골목형상점가","전자상거래업","13","7"
"관악구","은천초등학교(은천교앞)","전자상거래업","11","13"
"구로구","개봉초등학교","전자상거래업","10","8"
"양천구","목동문화체육센터","전자상거래업","17","20"
"구로구","구로초등학교","전자상거래업","12","8"
"강동구","명일전통시장","전자상거래업","7","9"
"영등포구","영신상가(제일상가)","전자상거래업","3","5"
"영등포구","도림2동유수지내체육시설","전자상거래업","9","3"
"서초구","방배아이파크아파트","전자상거래업","9","11"
"광진구","중곡어린이공원","주유소","8","13"
"송파구","문정역","전자상거래업","19","12"
"서초구","사당역 11번(사당역먹자골목)","전자상거래업","13","12"
"송파구","마천1치안센터","재생용품 판매점","8","1"
"서대문구","모래내시장(서중시장)","인테리어","5","11"
"중구","약수시장","전자상거래업","9","8"
"노원구","상계제일중학교","전자상거래업","3","7"
"강서구","백석중학교","전자상거래업","10","8"
"광진구","강변역(테크노마트)","전자상거래업","4","7"
"동대문구","자동차부품상가","전자상거래업","1","3"
"동작구","양지어린이공원","전자상거래업","10","11"
"노원구","당고개역 2번","전자상거래업","8","11"
"금천구","대명여울빛거리시장(대명시장)","전자상거래업","12","10"
"동대문구","간데메공원","전자상거래업","9","7"
"종로구","평창동동측","주유소","6","2"
"마포구","공덕역(공덕오거리)","전자상거래업","9","7"
"송파구","석촌역(석촌호수)","전자상거래업","9","8"
"노원구","당고개역 5번","인테리어","6","7"
"종로구","창신골목시장","전자상거래업","13","12"
"동대문구","경희대후문","전자상거래업","11","8"
"서대문구","봉원사","전자상거래업","3","10"
"강남구","은광여고","전자상거래업","10","7"
"양천구","목동로데오거리","전자상거래업","8","11"
"강남구","도성초등학교","전자상거래업","14","11"
"강북구","인수중학교","조명용품","6","6"
"서초구","청계산입구역 2번(내곡동주민센터)","예술품","8","0"
"강남구","학동초등학교","자동차부품","16","2"
"강동구","성내전통시장","조명용품","5","4"
"동대문구","답십리현대시장","전자상거래업","9","9"
"종로구","종각역","전자상거래업","7","9"
"영등포구","영중로","전자상거래업","16","7"
"양천구","목동센트럴아이파크앞","전자상거래업","22","12"
"영등포구","대림1동주민센터","주유소","10","8"
"중구","장충동족발거리(남소영길)","전자상거래업","5","9"
"금천구","남문시장","전자상거래업","11","13"
"강동구","강동역 4번(강풀만화거리)","전자상거래업","12","9"
"금천구","문성초등학교","모터사이클및부품","14","13"
"관악구","삼성동 시장(삼성동시장)","인테리어","8","11"
"송파구","벌말어린이공원","전자상거래업","7","9"
"서대문구","미근동","전자상거래업","4","5"
"종로구","통인시장","예술품","15","7"
"강동구","강동구청(강동구청역 2번)","인테리어","10","10"
"중랑구","면목동우체국","전자상거래업","11","13"
"중랑구","먹골역 5번","전자상거래업","11","10"
"영등포구","신풍역 3번","재생용품 판매점","28","25"
"강남구","청담근린공원","전자상거래업","4","6"
"성동구","마장역 3번","전자상거래업","4","4"
"마포구","KB국민은행 서강지점","전자상거래업","9","4"
"서대문구","돈의문센트레빌아파트입구","화초","16","13"
"마포구","합정역","전자상거래업","11","12"
"강남구","강남 마이스 관광특구","전자상거래업","3","8"
"마포구","중암중학교","가전제품","11","7"
"영등포구","대림갑을명가아파트","전자상거래업","7","23"
"송파구","거여초등학교","전자상거래업","7","10"
"강북구","솔밭공원역 2번","전자상거래업","10","12"
"영등포구","63빌딩","전자상거래업","4","6"
"성북구","KB국민은행 종암동지점","전자상거래업","2","5"
"노원구","노원역","전자상거래업","10","13"
"강남구","대왕초등학교(세곡동사거리서남측)","조명용품","6","10"
"노원구","수락산디자인거리","전자상거래업","10","9"
"강북구","강북문화예술회관","전자상거래업","7","8"
"중구","을지로2가","전자상거래업","5","17"
"강남구","강남을지병원","전자상거래업","8","7"
"도봉구","신도봉시장","인테리어","17","17"
"종로구","창덕궁","전자상거래업","6","7"
"영등포구","신길3동주민센터","전자상거래업","12","11"
"구로구","구로디지털단지역","전자상거래업","10","10"
"영등포구","신길동홍어거리","재생용품 판매점","0","6"
"성동구","성수초등학교","전자상거래업","14","13"
"강남구","도산공원교차로","전자상거래업","10","8"
"광진구","구남초등학교","전자상거래업","9","10"
"중구","서울시청","전자상거래업","3","6"
"동대문구","시립대앞사거리","전자상거래업","2","10"
"성동구","성수동카페거리","전자상거래업","17","7"
"서초구","언남고등학교","전자상거래업","12","10"
"동대문구","동대부고","전자상거래업","6","7"
"성북구","정릉우체국","전자상거래업","9","12"
"성동구","신금호역 4번","전자상거래업","8","8"
"송파구","석촌시장","전자상거래업","13","8"
"마포구","연트럴파크(연남동주민센터)","전자상거래업","24","12"
"영등포구","KT대방빌딩","전자상거래업","6","2"
"성북구","석계역 7번","전자상거래업","11","14"
"관악구","신림역 1번","자동차부품","5","19"
"은평구","연천초등학교","전자상거래업","9","4"
"구로구","구로나눔길","전자상거래업","8","6"
"성동구","마장역 2번","전자상거래업","9","7"
"종로구","광화문역","전자상거래업","8","7"
"관악구","신림주공2단지(광신고등학교)","화초","0","5"
"서초구","서울시인재개발원","전자상거래업","5","3"
"강동구","암사동성당(효정하나플러스아파트)","전자상거래업","13","14"
"송파구","마천시장","전자상거래업","6","5"
"광진구","광진정보도서관","전자상거래업","4","6"
"동작구","장승배기역 4번","전자상거래업","14","13"
"동대문구","청량리전통시장","조명용품","13","11"
"동작구","남성역 1번","전자상거래업","11","11"
"노원구","상계2동주민센터","전자상거래업","17","12"
"은평구","연신내역 7번","전자상거래업","13","11"
"강서구","까치산역","전자상거래업","11","13"
"강남구","휘문고교사거리","전자상거래업","5","6"
"강서구","화곡역 5번","전자상거래업","11","12"
"동대문구","서울약령시장","전자상거래업","4","6"
"송파구","잠실나루역","화초","8","5"
"강남구","역삼역 8번","전자상거래업","19","16"
"종로구","동대문역 3번","전자상거래업","6","6"
"광진구","군자역","전자상거래업","14","9"
"마포구","망원역","전자상거래업","14","10"
"영등포구","영등포동성당","재생용품 판매점","9","0"
"도봉구","쌍문역1번(쌍리단길)","전자상거래업","12","10"
"노원구","상계3동4동주민센터","전자상거래업","12","14"
"도봉구","도봉산입구","전자상거래업","9","9"
"중구","황학동벼룩시장","전자상거래업","2","4"
"성북구","동덕여대","전자상거래업","12","18"
"광진구","건대입구역 1번","전자상거래업","11","11"
"관악구","관악구신사동주민센터","전자상거래업","12","12"
"중구","시청역_1번","전자상거래업","14","9"
"은평구","구산역 4번","전자상거래업","11","11"
"성북구","석관중앙교회","전자상거래업","8","7"
"강서구","화곡역 4번","전자상거래업","9","10"
"은평구","구산역 1번","전자상거래업","15","12"
"강동구","길동주민센터(강동도서관)","전자상거래업","11","8"
"마포구","양원초등학교","인테리어","23","12"
"중랑구","면목골목시장(면목시장)","전자상거래업","11","10"
"서대문구","신촌역(신촌역 신촌로터리)","전자상거래업","9","13"
"성북구","장위동성당","전자상거래업","7","7"
"용산구","용산용문시장","전자상거래업","7","9"
"강동구","성내천어린이공원(하니사랑길)","전자상거래업","12","8"
"영등포구","도림시장","전자상거래업","18","12"
"관악구","관악신사시장","인테리어","14","13"
"종로구","마전교지하쇼핑센터(구 한일상가)","전자상거래업","9","0"
"송파구","개롱역","전자상거래업","10","8"
"양천구","목동깨비시장(목3동시장)","전자상거래업","8","8"
"서대문구","가좌역 3번","전자상거래업","2","8"
"중랑구","태릉시장 특화거리","조명용품","16","8"
"강동구","고분다리전통시장","재생용품 판매점","14","15"
"관악구","관악구 중앙길","전자상거래업","12","9"
"강남구","도곡1동","전자상거래업","8","9"
"동대문구","텃골근린공원","전자상거래업","14","5"
"강북구","4.19민주묘지역 2번","전자상거래업","16","12"
"은평구","구산역 2번","전자상거래업","16","15"
"송파구","남천초등학교","전자상거래업","13","10"
"동작구","장승배기역 5번","전자상거래업","3","19"
"은평구","예일여고","전자상거래업","10","7"
"강남구","역삼월드메르디앙아파트","전자상거래업","14","3"
"노원구","중계초등학교","철물점","18","11"
"서초구","서울고교교차로","전자상거래업","5","9"
"서초구","방배동사이길","전자상거래업","7","12"
"서대문구","경기대학교","전자상거래업","11","11"
"은평구","수유전통시장(수유시장 수유골목시장)","인테리어","11","7"
"중구","경찰청앞교차로","전자상거래업","11","9"
"영등포구","신동시장","화장품","14","10"
"강서구","화곡역 2번","전자상거래업","7","10"
"종로구","종로5가역 4번","철물점","0","5"
"노원구","은행사거리","전자상거래업","11","10"
"은평구","신진과학기술고등학교","전자상거래업","10","14"
"서대문구","홍연시장","전자상거래업","10","12"
"강북구","숭인시장","조명용품","10","15"
"중구","황학동주방가구거리상점가","전자상거래업","6","6"
"도봉구","쌍문초등학교","전자상거래업","14","7"
"중구","동평화시장","섬유제품","4","5"
"구로구","고척중학교","인테리어","0","0"
"송파구","한성백제역 3번","전자상거래업","10","8"
"도봉구","연산군묘","반찬가게","12","18"
"양천구","월정로시장","전자상거래업","11","6"
"은평구","연신내역 3번","전자상거래업","3","7"
"서초구","서초역","전자상거래업","7","6"
"양천구","서서울 골목형상점가","전자상거래업","12","9"
"종로구","신설동역 12번","전자상거래업","12","9"
"서대문구","연희세브란스병원","전자상거래업","12","7"
"강동구","천호역 1번(천호문구완구거리)","전자상거래업","7","7"
"동작구","중앙대학교","조명용품","9","13"
"도봉구","창동역 2번","전자상거래업","13","10"
"강서구","강서농산물도매시장","재생용품 판매점","2","5"
"양천구","양화초등학교","전자상거래업","9","4"
"양천구","서울남부지방법원","전자상거래업","11","9"
"성동구","성원중학교","전자상거래업","11","8"
"중랑구","중랑동부시장(중랑교종합상가)","섬유제품","6","18"
"금천구","독산동 우시장","전자상거래업","5","4"
"광진구","광진경찰서","전자상거래업","9","15"
"중랑구","러스크서울병원","전자상거래업","12","10"
"동대문구","홍파초등학교","전자상거래업","3","10"
"강북구","국립재활원","주유소","18","7"
"관악구","신원동주민센터","전자상거래업","10","12"
"강남구","도곡초등학교","전자상거래업","13","10"
"은평구","연신내역 2번","전자상거래업","7","7"
"강남구","은곡마을(은곡마을공원)","전자상거래업","21","15"
"동대문구","답십리사거리","전자상거래업","8","9"
"중구","시청역_8번","전자상거래업","6","6"
"동대문구","장평중학교","전자상거래업","13","10"
"중구","충무로역","전자상거래업","6","7"
"동대문구","경동시장","전자상거래업","8","8"
"은평구","연신내역 5번","전자상거래업","17","14"
"노원구","태릉입구역","전자상거래업","11","7"
"은평구","증산골목시장","전자상거래업","2","9"
"구로구","세곡초등학교","전자상거래업","10","9"
"양천구","등촌역","전자상거래업","12","9"
"종로구","북촌(안국역)","전자상거래업","12","9"
"영등포구","국회의사당역(국회의사당)","전자상거래업","8","9"
"용산구","서울독일학교","전자상거래업","16","8"
"서대문구","백련시장","일반의류","15","0"
"종로구","동대문역 1번","전자상거래업","13","12"
"양천구","메디힐병원","전자상거래업","8","10"
"구로구","구로디지털단지","전자상거래업","8","9"
"영등포구","한강성심병원","전자상거래업","5","5"
"구로구","오류지구대","전자상거래업","13","14"
"영등포구","문래동주민센터","전자상거래업","7","8"
"강서구","강서구다솔마을","전자상거래업","13","11"
"노원구","노원 을지대학교병원","전자상거래업","8","11"
"강서구","공항시장","전자상거래업","1","4"
"성동구","한양대역 4번","인테리어","15","15"
"동대문구","촬영소사거리","전자상거래업","10","9"
"강남구","성수대교남단","전자상거래업","12","7"
"동대문구","장안근린공원","전자상거래업","11","14"
"은평구","연신내역 4번","전자상거래업","9","8"
"마포구","아현시장","인테리어","11","5"
"동작구","남성사계시장(남성시장)","전자상거래업","11","11"
"광진구","중곡3동주민센터","전자상거래업","10","8"
"송파구","투구봉어린이공원","전자상거래업","9","7"
"강서구","개화산역 1번","조명용품","5","12"
"강남구","언주역 3번","전자상거래업","8","5"
"송파구","마천역(마천초등학교)","전자상거래업","9","8"
"영등포구","여의도역(여의도)","전자상거래업","11","8"
"강북구","강북구청","전자상거래업","14","11"
"서대문구","연희어린이공원","전자상거래업","5","5"
"강동구","암사역 2번(서울강동초등학교)","전자상거래업","11","10"
"서대문구","홍제역 4번","전자상거래업","6","7"
"관악구","난곡 골목형상점가","애완동물","0","7"
"강남구","청담역 12번","전자상거래업","18","9"
"강남구","개나리아파트","전자상거래업","12","11"
"중구","남평화시장","인테리어","1","7"
"은평구","새절역 3번","전자상거래업","12","12"
"강서구","양천향교역 7번","전자상거래업","30","22"
"관악구","관악해태어린이공원","전자상거래업","13","19"
"강남구","청담사거리(청담동명품거리)","전자상거래업","9","8"
"영등포구","대방역 6번","전자상거래업","8","5"
"서대문구","홍제역 3번","전자상거래업","30","17"
"구로구","남구로역 5번","전자상거래업","12","9"
"강북구","수유재래시장","애완동물","26","20"
"종로구","청와대사랑채","전자상거래업","8","0"
"강남구","논현종합시장","전자상거래업","15","0"
"노원구","공릉동 국수거리","전자상거래업","8","8"
"중랑구","사가정역","인테리어","9","10"
"도봉구","창동역","전자상거래업","8","8"
"강동구","천동초등학교","전자상거래업","12","12"
"영등포구","문래동사거리","전자상거래업","1","6"
"은평구","선정중학교","전자상거래업","14","15"
"양천구","목동역 5번","전자상거래업","10","6"
"용산구","숙대입구역(남영역 남영동)","모터사이클및부품","11","10"
"동작구","만양로상점가","조명용품","13","13"
"은평구","구산역","전자상거래업","13","12"
"은평구","응암정보도서관","전자상거래업","9","11"
"광진구","군자역 4번","전자상거래업","11","8"
"강동구","천호1동주민센터","전자상거래업","15","9"
"은평구","새절역 2번","예술품","6","6"
"서대문구","홍제역 2번","예술품","12","10"
"강서구","화곡본동시장","예술품","14","15"
"영등포구","대방역 4번","전자상거래업","10","13"
"광진구","군자역 5번","전자상거래업","13","14"
"영등포구","영등포청과시장교차로","전자상거래업","7","10"
"영등포구","구로디지털단지역 4번","전자상거래업","14","12"
"종로구","동문시장","전자상거래업","0","2"
"강북구","강북북부시장","전자상거래업","3","15"
"은평구","제일시장","인테리어","4","10"
"강남구","강남구청역 2번","전자상거래업","7","5"
"강남구","봉은사역","전자상거래업","9","7"
"관악구","신원시장","전자상거래업","9","11"
"관악구","원신초등학교(구세군관악영문교회)","전자상거래업","5","9"
"도봉구","솔밭공원역 1번","전자상거래업","10","12"
"관악구","구암초등학교","재생용품 판매점","14","12"
"강남구","대청초등학교","전자상거래업","9","6"
"관악구","봉천제일종합시장","의료기기","11","23"
"서초구","한국상담대학원대학교","전자상거래업","4","9"
"영등포구","영등포구청역 6번","전자상거래업","11","7"
"성북구","대광초등학교","전자상거래업","6","5"
"강북구","수유동우체국","전자상거래업","10","11"
"은평구","갈현건영아파트","전자상거래업","11","6"
"은평구","응암역 3번","전자상거래업","13","8"
"강남구","가로수길","전자상거래업","13","9"
"구로구","신도림역","전자상거래업","6","8"
"관악구","샤로수길","전자상거래업","14","10"
"동대문구","서울시립대","전자상거래업","9","6"
"중랑구","망우역 2번","전자상거래업","10","10"
"동작구","사당1동먹자골목상점가(사당1동먹자골목)","전자상거래업","7","10"
"영등포구","도림동주민센터","자동차부품","12","15"
"광진구","건대입구역 6번","전자상거래업","11","12"
"노원구","화랑대철도공원","악기","0","13"
"도봉구","누원고등학교","전자상거래업","17","18"
"강남구","역삼역 4번","전자상거래업","17","15"
"중랑구","먹골파출소","전자상거래업","8","14"
"강남구","강남구청역 4번","전자상거래업","8","6"
"송파구","잠실역","전자상거래업","6","10"
"은평구","응암역 2번","전자상거래업","11","15"
"성북구","북한산보국문역 2번","전자상거래업","9","7"
"강서구","까치산역 4번","전자상거래업","12","12"
"중랑구","하나은행 망우동지점","재생용품 판매점","12","12"
"광진구","올림픽대교북단","전자상거래업","8","9"
"강서구","양천향교역 2번","전자상거래업","13","13"
"성북구","숭곡초등학교","전자상거래업","10","7"
"강동구","둔촌2동주민센터","전자상거래업","11","16"
"중랑구","망우역 1번","자동차부품","9","7"
"서대문구","아현가구거리상점가","조명용품","5","6"
"강남구","매봉역","전자상거래업","10","8"
"종로구","종각지하쇼핑센터","화장품","100","100"
"중랑구","장안제일시장","전자상거래업","15","10"
"강남구","베르사이유1아파트","전자상거래업","6","0"
"강서구","화곡2동주민센터","전자상거래업","13","10"
"서초구","본마을노인복지센터(서초구립내곡도서관)","전자상거래업","11","11"
"강서구","까치산역 3번","전자상거래업","11","12"
"성북구","북한산보국문역 1번","전자상거래업","16","10"
"동작구","보라매역 2번","전자상거래업","12","13"
"은평구","덕산중학교","전자상거래업","12","8"
"동대문구","용두시장","철물점","9","9"
"강서구","양천향교역 5번","전자상거래업","14","11"
"구로구","남구로역 2번","전자상거래업","9","8"
"금천구","삼성산자연공원(서울금천초등학교)","전자상거래업","9","15"
"노원구","등나무근린공원","전자상거래업","7","10"
"중구","광희패션몰","운동/경기용품","0","6"
"종로구","종로4가지하쇼핑센터","서적","8","4"
"용산구","남영동 먹자골목","전자상거래업","6","11"
"노원구","수락산역 4번","전자상거래업","10","13"
"동대문구","홍릉시장","전자상거래업","8","8"
"송파구","잠실새내역(신천)","전자상거래업","12","11"
"강서구","화곡중앙시장","전자상거래업","12","14"
"마포구","홍익지구대","전자상거래업","5","5"
"강남구","압구정역","전자상거래업","8","8"
"강북구","화계중학교","애완동물","14","17"
"도봉구","신한은행 방학동지점","전자상거래업","20","17"
"구로구","남구로역 3번","전자상거래업","11","11"
"서초구","방배동카페골목","전자상거래업","6","8"
"중랑구","상봉역 4번","전자상거래업","12","8"
"은평구","구산초등학교","전자상거래업","2","2"
"광진구","국립정신건강센터","전자상거래업","10","6"
"종로구","이북5도청사","전자상거래업","9","14"
"강북구","덕수교","전자상거래업","5","5"
"동작구","보라매공원","전자상거래업","10","11"
"강서구","강서구청","전자상거래업","16","16"
"서초구","바우뫼공원","전자상거래업","6","6"
"강남구","서울세관","전자상거래업","9","5"
"송파구","몽촌토성역","전자상거래업","13","8"
"용산구","경리단길남측","전자상거래업","19","9"
"중구","청구역 3번","전자상거래업","9","5"
"성북구","의릉","주유소","11","15"
"강북구","장미원골목시장","전자상거래업","14","9"
"금천구","금천세무서","전자상거래업","2","5"
"구로구","가리봉파출소","전자상거래업","4","6"
"강동구","명일역 1번","전자상거래업","7","15"
"송파구","새마을시장","전자상거래업","11","10"
"성북구","정릉북한산국립공원입구","전자상거래업","8","15"
"강서구","등촌역 7번","전자상거래업","10","8"
"노원구","공릉역 2번","전자상거래업","16","10"
"성북구","서경대학교","전자상거래업","10","11"
"종로구","부암동주민센터","인테리어","15","5"
"강북구","솔샘시장(미아67동골목시장)","화초","10","6"
"중랑구","메가박스 상봉","전자상거래업","14","13"
"영등포구","당산반도유보라팰리스아파트","전자상거래업","11","13"
"송파구","문정동성당","자동차부품","6","9"
"도봉구","한일병원","전자상거래업","10","7"
"마포구","신수동주민센터","전자상거래업","15","11"
"중구","청구역 1번","전자상거래업","8","8"
"마포구","마포시장","인테리어","2","2"
"중구","동화동 골목형상점가","전자상거래업","7","7"
"중랑구","상봉역 7번","전자상거래업","10","14"
"중구","명동역(명동재미로)","전자상거래업","6","9"
"서초구","양재근린공원(양재2동주민센터)","전자상거래업","1","2"
"송파구","방이시장","전자상거래업","12","10"
"구로구","온수역 8번","전자상거래업","8","5"
"송파구","가락시장역","전자상거래업","10","13"
"강북구","강북종합전통시장(강북종합골목시장)","전자상거래업","15","16"
"영등포구","영등포전통시장","전자상거래업","1","7"
"성동구","금호사거리","전자상거래업","7","5"
"용산구","이태원시장","예술품","4","9"
"양천구","신영시장","인테리어","15","10"
"영등포구","도림초등학교","전자상거래업","9","11"
"동대문구","용두초등학교","전자상거래업","7","2"
"송파구","문현중학교(장지역 1번)","전자상거래업","10","10"
"구로구","개웅초등학교(개웅중학교)","전자상거래업","6","13"
"영등포구","영등포역(영등포)","전자상거래업","6","10"
"성북구","한성대입구역","전자상거래업","9","8"
"성동구","경수초등학교","전자상거래업","13","7"
"관악구","미성동 도깨비시장 골목형상점가","인테리어","8","13"
"중구","중구회현체육센터(정화예술대남산캠퍼스)","전자상거래업","6","3"
"서대문구","모래내우체국","인테리어","12","15"
"은평구","구산보건지소","전자상거래업","12","7"
"성북구","동구여중","전자상거래업","5","8"
"용산구","이촌종합시장","인테리어","4","5"
"강동구","고덕중학교(고덕2동주민센터)","전자상거래업","17","10"
"영등포구","대림역","전자상거래업","14","13"
"금천구","시흥4동주민센터(서울신흥초등학교)","전자상거래업","13","11"
"관악구","강남골목시장","전자상거래업","9","11"
"영등포구","대림중앙 골목형상점가","조명용품","14","11"
"양천구","신정네거리역 2번","자동차부품","11","2"
"강동구","천호공원(해공체육문화센터)","전자상거래업","8","13"
"성북구","장위1동주민센터","전자상거래업","5","6"
"송파구","방이동먹자골목","전자상거래업","14","14"
"양천구","지향초등학교","자동차부품","9","9"
"종로구","홍지문","전자상거래업","13","6"
"서초구","헌인가구단지","예술품","2","11"
"영등포구","문래예술촌(문래창작촌)","전자상거래업","15","7"
"영등포구","신길대성유니드아파트","전자상거래업","14","8"
"용산구","남영역 1번","전자상거래업","9","7"
"도봉구","방학역 2번","전자상거래업","10","12"
"구로구","개봉역","전자상거래업","11","12"
"성동구","성수역","전자상거래업","10","8"
"동작구","상도1동주민센터앞","인테리어","4","17"
"강동구","암사역 4번(삼성광나루아파트)","전자상거래업","10","15"
"강남구","역삼역","전자상거래업","10","10"
"송파구","경찰병원역","전자상거래업","12","11"
"광진구","광진초등학교","전자상거래업","26","7"
"서초구","남부터미널역","전자상거래업","7","7"
"양천구","신월2동주민센터","전자상거래업","8","11"
"영등포구","영등포역지하도상점가","가전제품","1","13"
"영등포구","대림차이나타운(대림역 12번)","인테리어","11","14"
"강남구","도곡시장","자동차부품","6","5"
"동작구","동작구자원봉사센터","조명용품","4","2"
"중랑구","중곡초등학교","전자상거래업","9","7"
"서대문구","서대문소방서","주유소","3","6"
"금천구","말미고개","전자상거래업","10","7"
"동대문구","경동광성상가(경동시장)","전자상거래업","5","7"
"강남구","개포지구대옆","전자상거래업","5","3"
"영등포구","신길새마을금고신길4동지점","인테리어","32","18"
"강남구","도곡2동주민센터(대치중학교)","전자상거래업","4","9"
"동작구","사당시장","인테리어","0","0"
"양천구","신정네거리역 4번","모터사이클및부품","6","13"
"서초구","법제교육센터(버들어린이공원)","전자상거래업","6","7"
"강남구","뱅뱅사거리","전자상거래업","8","8"
"마포구","영진시장","문구","16","16"
"성동구","행당역 2번","전자상거래업","9","11"
"구로구","구로시장","예술품","15","11"
"강북구","무너미어린이공원","전자상거래업","8","11"
"노원구","노원초등학교","전자상거래업","11","11"
"성동구","뚝도시장","예술품","12","10"
"강남구","구역삼세무서","전자상거래업","9","10"
"서초구","한전아트센터","자동차부품","24","18"
"양천구","신정2동 골목시장(오목교중앙시장)","전자상거래업","20","13"
"성북구","성신여대","전자상거래업","12","14"
"중랑구","망우본동주민센터","전자상거래업","9","10"
"강남구","선정릉역 4번","전자상거래업","14","13"
"강서구","등촌역 1번","전자상거래업","7","3"
"성북구","돌곶이역 8번","전자상거래업","8","6"
"노원구","공릉역","전자상거래업","9","11"
"은평구","불광역 8번","전자상거래업","5","5"
"구로구","덕의초등학교","전자상거래업","9","11"
"강동구","강동구립성내도서관","전자상거래업","10","8"
"양천구","양목초등학교","전자상거래업","17","14"
"영등포구","대림역 5번","전자상거래업","9","10"
"강남구","논현역 7번","전자상거래업","4","12"
"양천구","신정역 1번","전자상거래업","10","10"
"종로구","낙원시장(낙원지하시장(대일상가))","전자상거래업","1","4"
"강서구","신방화역 2번","전자상거래업","9","11"
"동대문구","답십리공원","전자상거래업","8","11"
"송파구","잠실 관광특구","전자상거래업","10","11"
"양천구","신서초등학교","전자상거래업","10","8"
"서대문구","충정로역 3번","전자상거래업","22","9"
"서초구","서초중학교","전자상거래업","4","7"
"은평구","불광역 7번","전자상거래업","10","12"
"종로구","종로·청계 관광특구","전자상거래업","5","8"
"강북구","삼양골목시장(삼양시장)","전자상거래업","10","17"
"영등포구","양남시장","청과상","0","0"
"마포구","마포역 4번","전자상거래업","17","11"
"서대문구","연가초등학교","전자상거래업","11","6"
"강남구","한남IC","전자상거래업","19","11"
"광진구","노룬산시장(노룬산골목시장)","전자상거래업","4","2"
"서대문구","충정로역 7번","전자상거래업","11","11"
"중구","중림동","전자상거래업","8","8"
"도봉구","방학역 1번","전자상거래업","12","12"
"구로구","온수역 1번","전자상거래업","6","10"
"마포구","연남동(홍대)","전자상거래업","16","12"
"성북구","한성대입구역 5번","전자상거래업","12","9"
"도봉구","도봉구보건소","전자상거래업","13","14"
"은평구","대조시장","전자상거래업","12","10"
"서초구","방아다리근린공원(횃불트리니티신학대학원대학교)","자동차부품","7","11"
"금천구","금천어울림복지센터","예술품","12","8"
"영등포구","우리시장","인테리어","12","11"
"성북구","돌곶이역 5번","전자상거래업","12","12"
"성동구","성동구립금호도서관","섬유제품","4","4"
"마포구","마포농수산물시장","전자상거래업","2","4"
"중랑구","면목2동체육관","전자상거래업","9","6"
"서초구","이수역 5번","전자상거래업","5","4"
"강서구","방신전통시장","전자상거래업","11","9"
"관악구","신림역 5번(신림동주민센터 신림동별빛거리)","전자상거래업","15","13"
"강남구","신논현역","전자상거래업","11","10"
"강북구","송천초등학교","전자상거래업","12","9"
"종로구","동대문역","전자상거래업","4","10"
"강서구","송정역","예술품","9","7"
"관악구","서원동상점가","전자상거래업","12","11"
"은평구","상신초등학교입구","전자상거래업","9","4"
"광진구","구의1동주민센터","전자상거래업","10","11"
"강서구","우장산힐스테이트","전자상거래업","24","21"
"광진구","용마초등학교","전자상거래업","10","9"
"관악구","난우초등학교","전자상거래업","13","11"
"송파구","풍납초등학교(풍납백제문화공원)","자동차부품","5","5"
"은평구","응암오거리상점가","전자상거래업","11","12"
"종로구","동묘앞역 3번","전자상거래업","10","6"
"도봉구","발바닥공원","화장품","5","15"
"노원구","태릉입구역 4번","전자상거래업","10","9"
"금천구","독산동","전자상거래업","10","11"
"강북구","구세군강북종합사회복지관","인테리어","8","0"
"성북구","한성대입구역 3번","전자상거래업","9","8"
"중랑구","상봉역","전자상거래업","11","10"
"광진구","뚝섬유원지역 1번","예술품","7","7"
"강북구","수유역","전자상거래업","11","11"
"은평구","시립서북병원","전자상거래업","15","11"
"광진구","자양한강도서관","전자상거래업","10","8"
"강서구","신광명마을","재생용품 판매점","2","2"
"성북구","장위전통시장","재생용품 판매점","7","11"
"용산구","한남오거리","전자상거래업","9","8"
"성북구","돌곶이역 3번","자동차부품","2","8"
"양천구","신정역 5번","전자상거래업","18","10"
"금천구","서울시흥동우체국(홈플러스시흥점)","주유소","5","13"
"양천구","신월중학교","전자상거래업","13","14"
"관악구","난우중학교","전자상거래업","15","9"
"종로구","동묘앞역 2번","전자상거래업","11","9"
"구로구","개봉동 현대아파트","전자상거래업","7","9"
"양천구","신월3동 골목시장","악기","11","11"
"중구","청계6가 지하도상가","애완동물","2","13"
"마포구","망원월드컵시장","전자상거래업","12","7"
"용산구","서빙고동주민센터","예술품","7","7"
"동대문구","전곡마을마당공원","전자상거래업","12","12"
"관악구","서울대입구역","전자상거래업","9","11"
"강서구","대원종합시장","애완동물","5","5"
"송파구","마천공원","인테리어","6","6"
"은평구","신사1동주민센터","전자상거래업","10","10"
"동작구","보라매역","전자상거래업","8","10"
"관악구","서울산업정보학교(서울삼성초등학교)","전자상거래업","7","9"
"서초구","방배초등학교","전자상거래업","6","8"
"송파구","경찰병원역 4번(건너말공원)","재생용품 판매점","14","6"
"동대문구","회기시장","전자상거래업","14","19"
"마포구","홍대입구역 3번","전자상거래업","20","15"
"송파구","거여역 1번(거여공원)","전자상거래업","8","5"
"강남구","삼성역","전자상거래업","6","7"
"영등포구","공군호텔","전자상거래업","11","10"
"강동구","길동역","전자상거래업","10","11"
"중구","방산종합시장(방산시장)","전자상거래업","5","5"
"강서구","신방화역 8번","전자상거래업","14","11"
"성북구","돌곶이역 1번","전자상거래업","9","7"
"강동구","천호역 6번","전자상거래업","5","5"
"관악구","신림우방아파트","재생용품 판매점","14","5"
"양천구","목동신시가지","전자상거래업","7","9"
"은평구","구파발역","전자상거래업","45","17"
"동작구","노량진역(노량진)","전자상거래업","6","9"
"양천구","목동보건지소","전자상거래업","11","9"
"강북구","미아역 5번","전자상거래업","8","8"
"동대문구","청량종합도매시장","전자상거래업","7","7"
"성북구","돌곶이시장(석관황금시장)","전자상거래업","14","10"
"양천구","오목교역","전자상거래업","14","11"
"중구","을지로3가역","전자상거래업","6","5"
"중랑구","먹골역 1번","전자상거래업","13","10"
"은평구","수일시장","인테리어","1","0"
"강남구","언북중학교","전자상거래업","10","7"
"서초구","고속터미널(고속터미널역)","전자상거래업","4","7"
"성동구","뚝섬역교차로","전자상거래업","15","8"
"용산구","숙대입구","전자상거래업","14","14"
"강서구","정곡초등학교","인테리어","0","0"
"도봉구","KT&G 북부지사","자동차부품","8","2"
"노원구","광운대학교 남단","전자상거래업","9","15"
"관악구","국제신학대학원대학교(남서울중학교)","전자상거래업","11","7"
"관악구","봉일시장","인테리어","6","0"
"동대문구","청량초등학교","전자상거래업","10","7"
"은평구","역촌역 3번","전자상거래업","10","6"
"종로구","인사동","전자상거래업","4","6"
"서대문구","충정로역","전자상거래업","9","9"
"성북구","국민대학교앞","전자상거래업","3","6"
"강남구","강남구청역","전자상거래업","10","11"
"은평구","역촌역 2번","전자상거래업","14","16"
"서대문구","경의중앙 신촌역","전자상거래업","8","10"
"강동구","암사역 1번","전자상거래업","10","7"
"양천구","계남근린공원","전자상거래업","5","5"
"중구","필동 골목형상점가","철물점","9","0"
"종로구","평창동서측","전자상거래업","8","7"
"동작구","사당역 10번","전자상거래업","12","10"
"강북구","미아사거리역","전자상거래업","11","15"
"강서구","등마루시장","인테리어","12","25"
"마포구","서강대학교","전자상거래업","11","4"
"종로구","수족관거리","전자상거래업","6","20"
"강서구","방화초등학교","전자상거래업","9","8"
"용산구","삼각지역 14번","문구","20","28"
"광진구","영동교골목시장","인테리어","10","13"
"금천구","비단길현대시장(현대시장)","인테리어","11","11"
"성북구","석관고등학교","전자상거래업","5","5"
"종로구","종로3가역","전자상거래업","6","7"
"관악구","미성동주민센터","전자상거래업","6","7"
"성동구","금호삼성래미안아파트","전자상거래업","12","12"
"관악구","봉천역 4번(봉천110안전센터)","전자상거래업","16","16"
"송파구","송파책박물관","전자상거래업","6","1"
"서대문구","명지전문대","인테리어","0","0"
"강북구","방천골목시장","철물점","11","11"
"서대문구","남가좌파출소","전자상거래업","14","10"
"강동구","상일여고(상일초등학교)","전자상거래업","9","9"
"강동구","장신구 특화거리 상점가","전자상거래업","12","3"
"광진구","성자초등학교","전자상거래업","10","9"
"강북구","광산사거리","전자상거래업","17","10"
"영등포구","영등포유통상가","전자상거래업","1","5"
"은평구","불광먹자골목 골목형상점가","조명용품","8","10"
"구로구","고척근린시장","전자상거래업","6","7"
"서대문구","정원여중","전자상거래업","10","13"
"용산구","경리단길북측","전자상거래업","11","10"
"동작구","상도4동주민센터","재생용품 판매점","18","12"
"은평구","응암역","전자상거래업","9","10"
"도봉구","가인초등학교","주유소","15","16"
"관악구","영락고등학교","전자상거래업","16","12"
"마포구","한겨레신문사","전자상거래업","14","8"
"서대문구","명지대학교교회","전자상거래업","14","10"
"용산구","남정초등학교","전자상거래업","3","11"
"은평구","불광역 3번","전자상거래업","16","16"
"영등포구","영등포푸르지오아파트","전자상거래업","7","10"
"중구","제일평화시장","전자상거래업","6","7"
"마포구","용강동주민센터","인테리어","12","12"
"영등포구","당산역 13번","주유소","12","15"
"서초구","내방역 8번","전자상거래업","11","11"
"강북구","미아역 8번","전자상거래업","9","6"
"강동구","둔촌역전통시장","전자상거래업","11","11"
"마포구","공덕동주민센터","전자상거래업","4","12"
"강남구","신구중학교","예술품","5","11"
"종로구","충신시장옆","전자상거래업","6","6"
"강서구","가양역 10번","전자상거래업","12","9"
"중구","서울중앙시장(신중앙시장)","전자상거래업","6","9"
"마포구","경의선책거리","전자상거래업","13","13"
"서대문구","연희대우아파트앞","전자상거래업","20","11"
"영등포구","문래역 3번","전자상거래업","5","2"
"관악구","사당역 4번","전자상거래업","11","10"
"관악구","신림현대아파트","주유소","6","11"
"양천구","목사랑시장(목4동시장)","전자상거래업","11","9"
"마포구","애오개역 3번","모터사이클및부품","8","6"
"서초구","양재시장","조명용품","8","6"
"도봉구","효문고등학교","전자상거래업","0","0"
"양천구","달마을공원","전자상거래업","15","9"
"중구","삼익패션타운(남대문시장)","가전제품","3","7"
"강남구","경기고교사거리(경기고교앞사거리)","전자상거래업","6","6"
"서초구","내방역 6번","전자상거래업","22","13"
"송파구","오금역 4번","전자상거래업","4","3"
"강동구","강동구립 천호도서관","전자상거래업","10","10"
"성북구","석관시장","안경","7","0"
"중구","인현시장","전자상거래업","9","8"
"금천구","금천금빛공원(은행나무사거리서측)","전자상거래업","14","9"
"마포구","상수역(홍대)","전자상거래업","17","11"
"서초구","교대역(법원.검찰청)","전자상거래업","7","6"
"서초구","잠원역","조명용품","4","22"
"도봉구","쌍문시장(쌍문역골목시장)","전자상거래업","11","6"
"마포구","아현역 4번","인테리어","13","15"
"용산구","오산고등학교","전자상거래업","4","10"
"성동구","왕십리파출소","전자상거래업","7","7"
"중구","에리어식스(벨포스트)","신발","1","7"
"서초구","내방역 5번","전자상거래업","1","8"
"노원구","상계주공1단지(가)상가","인테리어","12","10"
"강남구","도산공원북측","가구","11","5"
"강서구","송정역 3번","전자상거래업","9","12"
"종로구","동묘시장(동묘벼룩시장)","전자상거래업","10","11"
"동대문구","장안1동주민센터","전자상거래업","9","9"
"관악구","당곡중학교","전자상거래업","14","12"
"강동구","둔촌동역 1번(한산중학교)","전자상거래업","8","11"
"용산구","새남터성지","전자상거래업","5","9"
"마포구","홍익대","전자상거래업","9","9"
"강동구","묘곡초등학교(고덕아이파크아파트)","전자상거래업","15","14"
"동작구","남성역골목시장","전자상거래업","10","10"
"강동구","암사종합시장","전자상거래업","12","6"
"강서구","송정역 4번","전자상거래업","8","8"
"광진구","면곡골목시장","전자상거래업","20","8"
"서초구","내방역 4번","전자상거래업","4","8"
"마포구","서강대역 1번","전자상거래업","11","10"
"마포구","용강동 상점가","전자상거래업","10","11"
"강북구","미아사거리역 3번","전자상거래업","10","13"
"서대문구","북가좌2동주민센터","전자상거래업","13","9"
"강북구","강북중학교","전자상거래업","11","11"
"동대문구","용두사거리","전자상거래업","5","3"
"금천구","독산2동주민센터","조명용품","15","11"
"종로구","대신고등학교","인테리어","11","11"
"동대문구","세종대왕기념관교차로","주유소","7","7"
"종로구","종로신진시장","전자상거래업","6","7"
"영등포구","문래중학교","전자상거래업","18","15"
"구로구","큰굴다리","전자상거래업","9","11"
"중구","숭례문수입상가(남대문시장)","전자상거래업","2","5"
"동작구","상도약수골목형상점가","섬유제품","12","5"
"성북구","종암동주민센터","전자상거래업","12","14"
"광진구","광나루역 1번","전자상거래업","10","10"
"성동구","마장지하차도","운동/경기용품","1","5"
"강남구","학동사거리","전자상거래업","14","9"
"서대문구","명지대학교","전자상거래업","12","10"
"동작구","흑리단길","인테리어","7","9"
"용산구","숙대입구역 1번","전자상거래업","12","7"
"강서구","화곡4동주민센터","전자상거래업","15","16"
"광진구","화양제일골목시장","전자상거래업","11","11"
"양천구","신월시영아파트중문","전자상거래업","9","9"
"강서구","송정역 2번","전자상거래업","7","4"
"마포구","성서초등학교","전자상거래업","13","7"
"강북구","수유역 2번","전자상거래업","17","12"
"강남구","한국교통안전공단 강남자동차검사소","자동차부품","11","11"
"종로구","서대문역","전자상거래업","7","7"
"강남구","청담초등학교","예술품","18","12"
"양천구","신정2동주민센터","전자상거래업","14","14"
"용산구","한남힐사이드아파트","전자상거래업","12","10"
"중랑구","신묵초등학교","전자상거래업","12","10"
"성동구","뚝섬역상점가","전자상거래업","9","10"
"성동구","뚝섬역","전자상거래업","15","8"
"금천구","가산동주민센터","전자상거래업","12","14"
"은평구","불광중학교","재생용품 판매점","11","5"
"구로구","고척동성당","자동차부품","7","6"
"서초구","내방역 1번","전자상거래업","6","6"
"용산구","NH농협은행 보광동지점","전자상거래업","6","7"
"강남구","경복아파트교차로","전자상거래업","21","11"
"중랑구","신내역 2번","주유소","40","13"
"강서구","강서구청가양동별관","전자상거래업","12","12"
"관악구","관악동부센트레빌아파트(은천로35라길)","인테리어","37","0"
"종로구","세종마을음식문화거리(금천교시장)","전자상거래업","7","4"
"금천구","두산초등학교","전자상거래업","4","11"
"서초구","서초3동사거리","전자상거래업","5","4"
"도봉구","백운시장","전자상거래업","10","7"
"노원구","상계백병원","전자상거래업","10","16"
"관악구","낙성대역 1번(관악구민 종합체육센터)","전자상거래업","12","10"
"은평구","응암동우체국","전자상거래업","9","10"
"마포구","홍대소상공인상점가","전자상거래업","13","19"
"서초구","양재역","전자상거래업","7","8"
"양천구","강서고등학교","전자상거래업","17","9"
"중구","남산골공원옆","전자상거래업","10","7"
"중랑구","신내역 1번","주유소","6","15"
"송파구","방이역","전자상거래업","11","10"
"영등포구","장훈고등학교","재생용품 판매점","10","12"
"용산구","유엔빌리지길","전자상거래업","19","1"
"관악구","남강고등학교(남강중학교)","전자상거래업","8","10"
"중랑구","신내IC북측","전자상거래업","12","3"
"마포구","DMC(디지털미디어시티)","전자상거래업","17","11"
"강동구","강동구청역","전자상거래업","8","8"
"도봉구","도봉구민회관","전자상거래업","8","6"
"중랑구","상봉역 3번","전자상거래업","16","12"
"중구","평화시장(통일상가 동화상가)","전자상거래업","3","7"
"광진구","해오름공원","전자상거래업","12","12"
"영등포구","한림대학교한강성심병원","전자상거래업","13","27"
"중랑구","세화어린이공원","전자상거래업","42","57"
"구로구","구로창업지원센터","전자상거래업","5","4"
"은평구","수색성당","주유소","0","8"
"중구","동대문패션타운 관광특구","전자상거래업","2","8"
